Year,Month,Value,Anomaly
1895,1,17.6,-2.2
1895,2,14.1,-6.6
1895,3,24.7,-5.9
1895,4,42.7,-0.1
1895,5,57.2,2.7
1895,6,67.3,3.9
1895,7,64.8,-3.4
1895,8,65.8,-0.2
1895,9,60.9,2.0
1895,10,41.8,-6.2
1895,11,36.8,0.5
1895,12,27.8,3.3
1896,1,17.2,-2.6
1896,2,20.6,-0.1
1896,3,22.4,-8.2
1896,4,46.4,3.6
1896,5,59.6,5.1
1896,6,63.0,-0.4
1896,7,68.8,0.6
1896,8,66.9,0.9
1896,9,57.2,-1.7
1896,10,43.9,-4.1
1896,11,39.6,3.3
1896,12,23.1,-1.4
1897,1,19.3,-0.5
1897,2,22.1,1.4
1897,3,30.6,0.0
1897,4,43.6,0.8
1897,5,54.0,-0.5
1897,6,60.0,-3.4
1897,7,70.8,2.6
1897,8,63.9,-2.1
1897,9,58.1,-0.8
1897,10,49.0,1.0
1897,11,35.0,-1.3
1897,12,25.8,1.3
1898,1,20.8,1.0
1898,2,24.0,3.3
1898,3,37.8,7.2
1898,4,40.8,-2.0
1898,5,54.9,0.4
1898,6,65.2,1.8
1898,7,70.4,2.2
1898,8,68.0,2.0
1898,9,61.6,2.7
1898,10,49.2,1.2
1898,11,34.6,-1.7
1898,12,24.1,-0.4
1899,1,19.2,-0.6
1899,2,17.5,-3.2
1899,3,27.6,-3.0
1899,4,44.7,1.9
1899,5,55.6,1.1
1899,6,65.8,2.4
1899,7,68.2,0.0
1899,8,67.5,1.5
1899,9,57.4,-1.5
1899,10,50.4,2.4
1899,11,35.7,-0.6
1899,12,26.5,2.0
1900,1,21.7,1.9
1900,2,19.9,-0.8
1900,3,22.7,-7.9
1900,4,43.2,0.4
1900,5,54.2,-0.3
1900,6,65.3,1.9
1900,7,69.1,0.9
1900,8,69.7,3.7
1900,9,62.1,3.2
1900,10,53.7,5.7
1900,11,37.0,0.7
1900,12,23.7,-0.8
1901,1,20.0,0.2
1901,2,13.5,-7.2
1901,3,28.5,-2.1
1901,4,43.8,1.0
1901,5,54.5,0.0
1901,6,65.6,2.2
1901,7,71.9,3.7
1901,8,67.6,1.6
1901,9,59.4,0.5
1901,10,47.7,-0.3
1901,11,30.4,-5.9
1901,12,23.6,-0.9
1902,1,17.9,-1.9
1902,2,18.5,-2.2
1902,3,36.1,5.5
1902,4,44.0,1.2
1902,5,53.4,-1.1
1902,6,60.2,-3.2
1902,7,67.3,-0.9
1902,8,63.6,-2.4
1902,9,59.1,0.2
1902,10,47.2,-0.8
1902,11,41.2,4.9
1902,12,21.2,-3.3
1903,1,20.2,0.4
1903,2,23.6,2.9
1903,3,39.7,9.1
1903,4,43.1,0.3
1903,5,57.1,2.6
1903,6,59.4,-4.0
1903,7,66.6,-1.6
1903,8,60.8,-5.2
1903,9,59.4,0.5
1903,10,48.5,0.5
1903,11,31.7,-4.6
1903,12,18.7,-5.8
1904,1,12.3,-7.5
1904,2,12.9,-7.8
1904,3,27.8,-2.8
1904,4,39.0,-3.8
1904,5,58.0,3.5
1904,6,63.9,0.5
1904,7,66.7,-1.5
1904,8,64.0,-2.0
1904,9,57.2,-1.7
1904,10,44.6,-3.4
1904,11,31.8,-4.5
1904,12,17.2,-7.3
1905,1,15.5,-4.3
1905,2,13.6,-7.1
1905,3,29.2,-1.4
1905,4,41.7,-1.1
1905,5,54.4,-0.1
1905,6,63.0,-0.4
1905,7,68.8,0.6
1905,8,64.6,-1.4
1905,9,58.9,0.0
1905,10,48.0,0.0
1905,11,33.1,-3.2
1905,12,27.1,2.6
1906,1,27.3,7.5
1906,2,20.4,-0.3
1906,3,24.2,-6.4
1906,4,42.8,0.0
1906,5,54.5,0.0
1906,6,64.8,1.4
1906,7,67.8,-0.4
1906,8,68.7,2.7
1906,9,61.8,2.9
1906,10,47.8,-0.2
1906,11,34.0,-2.3
1906,12,21.2,-3.3
1907,1,19.6,-0.2
1907,2,13.8,-6.9
1907,3,32.5,1.9
1907,4,37.9,-4.9
1907,5,48.9,-5.6
1907,6,61.6,-1.8
1907,7,67.3,-0.9
1907,8,63.9,-2.1
1907,9,59.8,0.9
1907,10,43.1,-4.9
1907,11,34.2,-2.1
1907,12,27.6,3.1
1908,1,19.8,0.0
1908,2,16.2,-4.5
1908,3,30.8,0.2
1908,4,41.5,-1.3
1908,5,56.9,2.4
1908,6,64.8,1.4
1908,7,69.9,1.7
1908,8,65.0,-1.0
1908,9,61.9,3.0
1908,10,50.1,2.1
1908,11,36.2,-0.1
1908,12,24.2,-0.3
1909,1,22.7,2.9
1909,2,25.0,4.3
1909,3,27.6,-3.0
1909,4,41.4,-1.4
1909,5,53.7,-0.8
1909,6,64.0,0.6
1909,7,66.0,-2.2
1909,8,64.8,-1.2
1909,9,58.0,-0.9
1909,10,44.6,-3.4
1909,11,39.3,3.0
1909,12,21.6,-2.9
1910,1,21.2,1.4
1910,2,18.2,-2.5
1910,3,37.0,6.4
1910,4,47.2,4.4
1910,5,52.7,-1.8
1910,6,61.5,-1.9
1910,7,69.0,0.8
1910,8,65.1,-0.9
1910,9,58.9,0.0
1910,10,49.4,1.4
1910,11,32.3,-4.0
1910,12,17.1,-7.4
1911,1,22.2,2.4
1911,2,20.4,-0.3
1911,3,26.7,-3.9
1911,4,40.4,-2.4
1911,5,61.3,6.8
1911,6,63.0,-0.4
1911,7,70.6,2.4
1911,8,67.0,1.0
1911,9,57.9,-1.0
1911,10,46.7,-1.3
1911,11,32.2,-4.1
1911,12,30.8,6.3
1912,1,10.8,-9.0
1912,2,16.4,-4.3
1912,3,24.9,-5.7
1912,4,41.7,-1.1
1912,5,55.6,1.1
1912,6,60.4,-3.0
1912,7,68.2,0.0
1912,8,62.3,-3.7
1912,9,59.1,0.2
1912,10,49.3,1.3
1912,11,37.5,1.2
1912,12,29.4,4.9
1913,1,29.4,9.6
1913,2,18.2,-2.5
1913,3,34.3,3.7
1913,4,45.4,2.6
1913,5,53.1,-1.4
1913,6,62.6,-0.8
1913,7,67.7,-0.5
1913,8,65.9,-0.1
1913,9,57.5,-1.4
1913,10,51.1,3.1
1913,11,39.3,3.0
1913,12,28.6,4.1
1914,1,19.7,-0.1
1914,2,12.1,-8.6
1914,3,27.9,-2.7
1914,4,39.5,-3.3
1914,5,56.5,2.0
1914,6,62.2,-1.2
1914,7,66.6,-1.6
1914,8,66.1,0.1
1914,9,57.5,-1.4
1914,10,51.3,3.3
1914,11,34.0,-2.3
1914,12,21.8,-2.7
1915,1,22.0,2.2
1915,2,25.0,4.3
1915,3,26.0,-4.6
1915,4,48.1,5.3
1915,5,50.2,-4.3
1915,6,61.6,-1.8
1915,7,66.5,-1.7
1915,8,64.0,-2.0
1915,9,61.8,2.9
1915,10,49.1,1.1
1915,11,37.0,0.7
1915,12,23.5,-1.0
1916,1,25.3,5.5
1916,2,16.2,-4.5
1916,3,21.8,-8.8
1916,4,42.3,-0.5
1916,5,54.5,0.0
1916,6,59.5,-3.9
1916,7,71.4,3.2
1916,8,68.2,2.2
1916,9,59.2,0.3
1916,10,48.3,0.3
1916,11,34.8,-1.5
1916,12,23.7,-0.8
1917,1,19.2,-0.6
1917,2,15.4,-5.3
1917,3,29.8,-0.8
1917,4,41.0,-1.8
1917,5,46.5,-8.0
1917,6,61.7,-1.7
1917,7,68.7,0.5
1917,8,67.3,1.3
1917,9,55.7,-3.2
1917,10,43.1,-4.9
1917,11,30.7,-5.6
1917,12,13.9,-10.6
1918,1,9.4,-10.4
1918,2,18.4,-2.3
1918,3,31.8,1.2
1918,4,42.7,-0.1
1918,5,59.3,4.8
1918,6,59.7,-3.7
1918,7,67.1,-1.1
1918,8,67.9,1.9
1918,9,54.0,-4.9
1918,10,49.6,1.6
1918,11,37.4,1.1
1918,12,28.3,3.8
1919,1,25.0,5.2
1919,2,24.4,3.7
1919,3,32.8,2.2
1919,4,41.0,-1.8
1919,5,54.4,-0.1
1919,6,67.9,4.5
1919,7,68.5,0.3
1919,8,63.8,-2.2
1919,9,59.6,0.7
1919,10,50.3,2.3
1919,11,35.1,-1.2
1919,12,18.7,-5.8
1920,1,10.4,-9.4
1920,2,17.5,-3.2
1920,3,31.3,0.7
1920,4,39.9,-2.9
1920,5,52.5,-2.0
1920,6,62.7,-0.7
1920,7,65.3,-2.9
1920,8,67.3,1.3
1920,9,60.4,1.5
1920,10,53.2,5.2
1920,11,33.8,-2.5
1920,12,27.1,2.6
1921,1,22.8,3.0
1921,2,24.2,3.5
1921,3,39.1,8.5
1921,4,49.7,6.9
1921,5,56.2,1.7
1921,6,64.5,1.1
1921,7,73.2,5.0
1921,8,64.7,-1.3
1921,9,63.1,4.2
1921,10,48.0,0.0
1921,11,34.4,-1.9
1921,12,22.5,-2.0
1922,1,16.3,-3.5
1922,2,23.5,2.8
1922,3,32.2,1.6
1922,4,43.2,0.4
1922,5,57.3,2.8
1922,6,64.4,1.0
1922,7,67.5,-0.7
1922,8,65.0,-1.0
1922,9,60.7,1.8
1922,10,48.4,0.4
1922,11,36.7,0.4
1922,12,24.0,-0.5
1923,1,17.4,-2.4
1923,2,14.8,-5.9
1923,3,25.8,-4.8
1923,4,41.1,-1.7
1923,5,51.4,-3.1
1923,6,64.7,1.3
1923,7,66.0,-2.2
1923,8,64.0,-2.0
1923,9,59.6,0.7
1923,10,46.7,-1.3
1923,11,36.1,-0.2
1923,12,32.6,8.1
1924,1,21.4,1.6
1924,2,15.8,-4.9
1924,3,29.2,-1.4
1924,4,40.2,-2.6
1924,5,49.2,-5.3
1924,6,61.1,-2.3
1924,7,66.2,-2.0
1924,8,65.2,-0.8
1924,9,55.5,-3.4
1924,10,47.4,-0.6
1924,11,35.8,-0.5
1924,12,21.5,-3.0
1925,1,15.9,-3.9
1925,2,27.9,7.2
1925,3,34.6,4.0
1925,4,44.2,1.4
1925,5,49.9,-4.6
1925,6,66.2,2.8
1925,7,65.8,-2.4
1925,8,65.6,-0.4
1925,9,59.4,0.5
1925,10,40.2,-7.8
1925,11,34.7,-1.6
1925,12,24.1,-0.4
1926,1,20.8,1.0
1926,2,18.0,-2.7
1926,3,23.7,-6.9
1926,4,36.3,-6.5
1926,5,51.7,-2.8
1926,6,59.0,-4.4
1926,7,66.8,-1.4
1926,8,66.2,0.2
1926,9,57.8,-1.1
1926,10,45.5,-2.5
1926,11,35.3,-1.0
1926,12,19.0,-5.5
1927,1,18.6,-1.2
1927,2,25.6,4.9
1927,3,33.9,3.3
1927,4,41.4,-1.4
1927,5,51.8,-2.7
1927,6,59.3,-4.1
1927,7,66.8,-1.4
1927,8,61.5,-4.5
1927,9,59.4,0.5
1927,10,50.9,2.9
1927,11,39.3,3.0
1927,12,25.8,1.3
1928,1,22.2,2.4
1928,2,21.2,0.5
1928,3,28.3,-2.3
1928,4,39.3,-3.5
1928,5,52.7,-1.8
1928,6,60.3,-3.1
1928,7,68.4,0.2
1928,8,68.8,2.8
1928,9,55.7,-3.2
1928,10,49.3,1.3
1928,11,37.0,0.7
1928,12,29.1,4.6
1929,1,19.4,-0.4
1929,2,19.9,-0.8
1929,3,35.5,4.9
1929,4,43.8,1.0
1929,5,52.9,-1.6
1929,6,62.8,-0.6
1929,7,67.0,-1.2
1929,8,62.7,-3.3
1929,9,61.0,2.1
1929,10,45.6,-2.4
1929,11,35.5,-0.8
1929,12,23.5,-1.0
1930,1,21.4,1.6
1930,2,24.7,4.0
1930,3,29.6,-1.0
1930,4,41.0,-1.8
1930,5,55.9,1.4
1930,6,66.0,2.6
1930,7,67.3,-0.9
1930,8,65.2,-0.8
1930,9,61.6,2.7
1930,10,46.8,-1.2
1930,11,38.3,2.0
1930,12,25.0,0.5
1931,1,20.2,0.4
1931,2,22.1,1.4
1931,3,31.5,0.9
1931,4,43.9,1.1
1931,5,55.4,0.9
1931,6,63.6,0.2
1931,7,70.9,2.7
1931,8,66.5,0.5
1931,9,63.2,4.3
1931,10,51.0,3.0
1931,11,43.3,7.0
1931,12,29.2,4.7
1932,1,31.9,12.1
1932,2,24.8,4.1
1932,3,26.1,-4.5
1932,4,39.4,-3.4
1932,5,55.0,0.5
1932,6,63.1,-0.3
1932,7,65.7,-2.5
1932,8,66.9,0.9
1932,9,59.5,0.6
1932,10,50.3,2.3
1932,11,33.3,-3.0
1932,12,28.5,4.0
1933,1,30.0,10.2
1933,2,24.4,3.7
1933,3,28.6,-2.0
1933,4,44.4,1.6
1933,5,57.1,2.6
1933,6,66.2,2.8
1933,7,69.6,1.4
1933,8,66.0,0.0
1933,9,60.7,1.8
1933,10,46.1,-1.9
1933,11,29.5,-6.8
1933,12,21.4,-3.1
1934,1,22.2,2.4
1934,2,7.6,-13.1
1934,3,27.7,-2.9
1934,4,42.7,-0.1
1934,5,56.5,2.0
1934,6,66.6,3.2
1934,7,69.7,1.5
1934,8,63.3,-2.7
1934,9,62.4,3.5
1934,10,45.0,-3.0
1934,11,39.5,3.2
1934,12,21.2,-3.3
1935,1,16.7,-3.1
1935,2,19.6,-1.1
1935,3,32.6,2.0
1935,4,41.0,-1.8
1935,5,49.6,-4.9
1935,6,62.7,-0.7
1935,7,71.0,2.8
1935,8,66.6,0.6
1935,9,55.9,-3.0
1935,10,47.9,-0.1
1935,11,38.2,1.9
1935,12,19.1,-5.4
1936,1,17.7,-2.1
1936,2,13.9,-6.8
1936,3,35.8,5.2
1936,4,40.0,-2.8
1936,5,57.4,2.9
1936,6,63.9,0.5
1936,7,68.2,0.0
1936,8,67.1,1.1
1936,9,60.1,1.2
1936,10,48.1,0.1
1936,11,31.6,-4.7
1936,12,27.6,3.1
1937,1,28.5,8.7
1937,2,25.0,4.3
1937,3,24.7,-5.9
1937,4,41.3,-1.5
1937,5,56.1,1.6
1937,6,64.1,0.7
1937,7,69.3,1.1
1937,8,70.5,4.5
1937,9,57.4,-1.5
1937,10,46.0,-2.0
1937,11,36.2,-0.1
1937,12,23.2,-1.3
1938,1,19.1,-0.7
1938,2,24.8,4.1
1938,3,34.9,4.3
1938,4,45.4,2.6
1938,5,53.5,-1.0
1938,6,64.0,0.6
1938,7,69.2,1.0
1938,8,69.5,3.5
1938,9,55.4,-3.5
1938,10,49.7,1.7
1938,11,37.8,1.5
1938,12,25.8,1.3
1939,1,20.3,0.5
1939,2,23.0,2.3
1939,3,27.2,-3.4
1939,4,39.4,-3.4
1939,5,56.6,2.1
1939,6,64.0,0.6
1939,7,68.2,0.0
1939,8,69.5,3.5
1939,9,59.8,0.9
1939,10,47.6,-0.4
1939,11,31.9,-4.4
1939,12,25.5,1.0
1940,1,12.0,-7.8
1940,2,19.6,-1.1
1940,3,23.8,-6.8
1940,4,38.6,-4.2
1940,5,54.9,0.4
1940,6,62.4,-1.0
1940,7,67.7,-0.5
1940,8,64.7,-1.3
1940,9,57.1,-1.8
1940,10,43.7,-4.3
1940,11,34.9,-1.4
1940,12,26.7,2.2
1941,1,17.8,-2.0
1941,2,19.7,-1.0
1941,3,23.9,-6.7
1941,4,48.1,5.3
1941,5,55.8,1.3
1941,6,65.1,1.7
1941,7,69.9,1.7
1941,8,64.1,-1.9
1941,9,61.0,2.1
1941,10,49.4,1.4
1941,11,39.4,3.1
1941,12,27.6,3.1
1942,1,19.5,-0.3
1942,2,17.6,-3.1
1942,3,34.4,3.8
1942,4,46.9,4.1
1942,5,58.1,3.6
1942,6,64.5,1.1
1942,7,68.0,-0.2
1942,8,65.7,-0.3
1942,9,59.2,0.3
1942,10,49.3,1.3
1942,11,36.1,-0.2
1942,12,20.1,-4.4
1943,1,16.3,-3.5
1943,2,22.0,1.3
1943,3,28.9,-1.7
1943,4,36.3,-6.5
1943,5,54.2,-0.3
1943,6,68.0,4.6
1943,7,68.9,0.7
1943,8,66.1,0.1
1943,9,57.7,-1.2
1943,10,46.6,-1.4
1943,11,33.6,-2.7
1943,12,20.7,-3.8
1944,1,23.3,3.5
1944,2,20.6,-0.1
1944,3,26.4,-4.2
1944,4,38.6,-4.2
1944,5,60.5,6.0
1944,6,64.7,1.3
1944,7,69.4,1.2
1944,8,69.1,3.1
1944,9,60.2,1.3
1944,10,46.4,-1.6
1944,11,36.5,0.2
1944,12,20.2,-4.3
1945,1,11.6,-8.2
1945,2,22.0,1.3
1945,3,40.7,10.1
1945,4,48.0,5.2
1945,5,50.8,-3.7
1945,6,62.4,-1.0
1945,7,67.9,-0.3
1945,8,66.2,0.2
1945,9,61.9,3.0
1945,10,46.7,-1.3
1945,11,37.2,0.9
1945,12,19.3,-5.2
1946,1,21.4,1.6
1946,2,19.3,-1.4
1946,3,41.1,10.5
1946,4,41.9,-0.9
1946,5,53.2,-1.3
1946,6,62.2,-1.2
1946,7,67.4,-0.8
1946,8,62.8,-3.2
1946,9,61.0,2.1
1946,10,52.2,4.2
1946,11,40.1,3.8
1946,12,26.8,2.3
1947,1,24.3,4.5
1947,2,18.0,-2.7
1947,3,28.0,-2.6
1947,4,41.4,-1.4
1947,5,53.5,-1.0
1947,6,62.6,-0.8
1947,7,68.2,0.0
1947,8,70.8,4.8
1947,9,60.5,1.6
1947,10,55.1,7.1
1947,11,33.5,-2.8
1947,12,21.8,-2.7
1948,1,13.8,-6.0
1948,2,18.2,-2.5
1948,3,30.8,0.2
1948,4,45.5,2.7
1948,5,52.5,-2.0
1948,6,62.6,-0.8
1948,7,68.8,0.6
1948,8,67.3,1.3
1948,9,60.5,1.6
1948,10,46.3,-1.7
1948,11,42.8,6.5
1948,12,27.3,2.8
1949,1,26.4,6.6
1949,2,27.0,6.3
1949,3,32.0,1.4
1949,4,44.0,1.2
1949,5,55.4,0.9
1949,6,68.8,5.4
1949,7,71.9,3.7
1949,8,68.8,2.8
1949,9,56.6,-2.3
1949,10,52.8,4.8
1949,11,34.0,-2.3
1949,12,27.6,3.1
1950,1,29.2,9.4
1950,2,19.8,-0.9
1950,3,24.5,-6.1
1950,4,39.2,-3.6
1950,5,54.5,0.0
1950,6,63.0,-0.4
1950,7,66.7,-1.5
1950,8,65.5,-0.5
1950,9,56.0,-2.9
1950,10,50.5,2.5
1950,11,37.9,1.6
1950,12,23.0,-1.5
1951,1,23.5,3.7
1951,2,23.8,3.1
1951,3,32.2,1.6
1951,4,43.7,0.9
1951,5,55.4,0.9
1951,6,62.9,-0.5
1951,7,68.0,-0.2
1951,8,64.9,-1.1
1951,9,58.3,-0.6
1951,10,50.1,2.1
1951,11,31.3,-5.0
1951,12,25.9,1.4
1952,1,23.4,3.6
1952,2,24.6,3.9
1952,3,30.1,-0.5
1952,4,46.4,3.6
1952,5,51.5,-3.0
1952,6,65.0,1.6
1952,7,71.4,3.2
1952,8,66.7,0.7
1952,9,60.3,1.4
1952,10,44.3,-3.7
1952,11,38.7,2.4
1952,12,28.2,3.7
1953,1,26.2,6.4
1953,2,26.5,5.8
1953,3,33.6,3.0
1953,4,42.7,-0.1
1953,5,56.3,1.8
1953,6,64.7,1.3
1953,7,68.7,0.5
1953,8,65.9,-0.1
1953,9,59.6,0.7
1953,10,49.8,1.8
1953,11,39.7,3.4
1953,12,30.8,6.3
1954,1,17.2,-2.6
1954,2,28.4,7.7
1954,3,30.3,-0.3
1954,4,45.3,2.5
1954,5,52.5,-2.0
1954,6,65.0,1.6
1954,7,66.6,-1.6
1954,8,64.1,-1.9
1954,9,58.1,-0.8
1954,10,51.8,3.8
1954,11,36.8,0.5
1954,12,24.2,-0.3
1955,1,17.8,-2.0
1955,2,22.0,1.3
1955,3,30.5,-0.1
1955,4,47.3,4.5
1955,5,57.8,3.3
1955,6,63.7,0.3
1955,7,72.8,4.6
1955,8,70.8,4.8
1955,9,58.0,-0.9
1955,10,50.6,2.6
1955,11,34.6,-1.7
1955,12,18.8,-5.7
1956,1,20.2,0.4
1956,2,23.9,3.2
1956,3,25.6,-5.0
1956,4,39.7,-3.1
1956,5,50.4,-4.1
1956,6,64.0,0.6
1956,7,65.3,-2.9
1956,8,65.4,-0.6
1956,9,55.5,-3.4
1956,10,49.3,1.3
1956,11,37.7,1.4
1956,12,29.0,4.5
1957,1,14.5,-5.3
1957,2,26.0,5.3
1957,3,32.1,1.5
1957,4,45.4,2.6
1957,5,53.7,-0.8
1957,6,67.0,3.6
1957,7,67.1,-1.1
1957,8,63.6,-2.4
1957,9,59.5,0.6
1957,10,47.0,-1.0
1957,11,38.4,2.1
1957,12,30.2,5.7
1958,1,20.2,0.4
1958,2,15.8,-4.9
1958,3,31.8,1.2
1958,4,45.0,2.2
1958,5,51.4,-3.1
1958,6,58.8,-4.6
1958,7,68.1,-0.1
1958,8,65.6,-0.4
1958,9,58.8,-0.1
1958,10,47.2,-0.8
1958,11,38.0,1.7
1958,12,16.2,-8.3
1959,1,18.0,-1.8
1959,2,18.1,-2.6
1959,3,28.6,-2.0
1959,4,44.3,1.5
1959,5,57.3,2.8
1959,6,64.3,0.9
1959,7,69.7,1.5
1959,8,70.3,4.3
1959,9,63.0,4.1
1959,10,49.2,1.2
1959,11,35.1,-1.2
1959,12,27.3,2.8
1960,1,20.9,1.1
1960,2,24.5,3.8
1960,3,21.5,-9.1
1960,4,46.2,3.4
1960,5,56.7,2.2
1960,6,63.1,-0.3
1960,7,65.8,-2.4
1960,8,65.9,-0.1
1960,9,60.6,1.7
1960,10,46.9,-1.1
1960,11,39.5,3.2
1960,12,19.6,-4.9
1961,1,13.9,-5.9
1961,2,23.0,2.3
1961,3,31.0,0.4
1961,4,40.0,-2.8
1961,5,52.2,-2.3
1961,6,63.0,-0.4
1961,7,68.0,-0.2
1961,8,66.6,0.6
1961,9,65.8,6.9
1961,10,51.4,3.4
1961,11,37.2,0.9
1961,12,25.2,0.7
1962,1,19.1,-0.7
1962,2,18.1,-2.6
1962,3,31.0,0.4
1962,4,43.2,0.4
1962,5,57.4,2.9
1962,6,64.2,0.8
1962,7,65.2,-3.0
1962,8,65.5,-0.5
1962,9,55.9,-3.0
1962,10,48.0,0.0
1962,11,32.7,-3.6
1962,12,21.2,-3.3
1963,1,17.1,-2.7
1963,2,14.4,-6.3
1963,3,31.5,0.9
1963,4,42.7,-0.1
1963,5,52.6,-1.9
1963,6,64.0,0.6
1963,7,68.3,0.1
1963,8,62.9,-3.1
1963,9,54.5,-4.4
1963,10,53.2,5.2
1963,11,41.2,4.9
1963,12,17.2,-7.3
1964,1,22.6,2.8
1964,2,19.6,-1.1
1964,3,32.1,1.5
1964,4,42.8,0.0
1964,5,57.6,3.1
1964,6,62.5,-0.9
1964,7,70.0,1.8
1964,8,62.8,-3.2
1964,9,58.4,-0.5
1964,10,46.0,-2.0
1964,11,39.0,2.7
1964,12,25.7,1.2
1965,1,16.8,-3.0
1965,2,20.8,0.1
1965,3,28.1,-2.5
1965,4,39.1,-3.7
1965,5,57.5,3.0
1965,6,61.7,-1.7
1965,7,64.8,-3.4
1965,8,65.6,-0.4
1965,9,60.0,1.1
1965,10,45.9,-2.1
1965,11,35.1,-1.2
1965,12,28.7,4.2
1966,1,17.6,-2.2
1966,2,21.2,0.5
1966,3,32.3,1.7
1966,4,40.5,-2.3
1966,5,50.0,-4.5
1966,6,64.0,0.6
1966,7,68.9,0.7
1966,8,66.6,0.6
1966,9,56.2,-2.7
1966,10,46.4,-1.6
1966,11,39.7,3.4
1966,12,25.4,0.9
1967,1,26.1,6.3
1967,2,16.4,-4.3
1967,3,27.7,-2.9
1967,4,42.5,-0.3
1967,5,47.3,-7.2
1967,6,67.1,3.7
1967,7,67.6,-0.6
1967,8,65.3,-0.7
1967,9,57.7,-1.2
1967,10,48.2,0.2
1967,11,32.2,-4.1
1967,12,27.0,2.5
1968,1,14.1,-5.7
1968,2,16.2,-4.5
1968,3,33.3,2.7
1968,4,47.5,4.7
1968,5,51.4,-3.1
1968,6,62.3,-1.1
1968,7,68.5,0.3
1968,8,65.6,-0.4
1968,9,61.2,2.3
1968,10,50.3,2.3
1968,11,35.3,-1.0
1968,12,21.4,-3.1
1969,1,19.6,-0.2
1969,2,21.6,0.9
1969,3,28.4,-2.2
1969,4,44.7,1.9
1969,5,53.5,-1.0
1969,6,63.1,-0.3
1969,7,67.3,-0.9
1969,8,67.7,1.7
1969,9,59.6,0.7
1969,10,47.2,-0.8
1969,11,36.4,0.1
1969,12,20.7,-3.8
1970,1,10.8,-9.0
1970,2,20.4,-0.3
1970,3,27.9,-2.7
1970,4,43.6,0.8
1970,5,56.1,1.6
1970,6,62.9,-0.5
1970,7,68.4,0.2
1970,8,67.1,1.1
1970,9,60.2,1.3
1970,10,50.8,2.8
1970,11,39.0,2.7
1970,12,21.8,-2.7
1971,1,14.4,-5.4
1971,2,22.7,2.0
1971,3,27.2,-3.4
1971,4,39.0,-3.8
1971,5,52.8,-1.7
1971,6,64.5,1.1
1971,7,66.6,-1.6
1971,8,65.3,-0.7
1971,9,62.5,3.6
1971,10,54.1,6.1
1971,11,34.9,-1.4
1971,12,28.1,3.6
1972,1,22.0,2.2
1972,2,17.8,-2.9
1972,3,27.0,-3.6
1972,4,37.6,-5.2
1972,5,56.1,1.6
1972,6,61.2,-2.2
1972,7,68.3,0.1
1972,8,64.8,-1.2
1972,9,59.4,0.5
1972,10,43.1,-4.9
1972,11,33.0,-3.3
1972,12,26.7,2.2
1973,1,23.9,4.1
1973,2,18.7,-2.0
1973,3,38.7,8.1
1973,4,44.8,2.0
1973,5,52.0,-2.5
1973,6,66.2,2.8
1973,7,69.3,1.1
1973,8,69.7,3.7
1973,9,58.8,-0.1
1973,10,50.2,2.2
1973,11,37.6,1.3
1973,12,26.6,2.1
1974,1,22.5,2.7
1974,2,18.8,-1.9
1974,3,30.1,-0.5
1974,4,45.3,2.5
1974,5,51.8,-2.7
1974,6,62.8,-0.6
1974,7,67.6,-0.6
1974,8,66.6,0.6
1974,9,56.7,-2.2
1974,10,43.4,-4.6
1974,11,37.0,0.7
1974,12,27.8,3.3
1975,1,24.4,4.6
1975,2,24.0,3.3
1975,3,28.2,-2.4
1975,4,36.9,-5.9
1975,5,59.6,5.1
1975,6,64.3,0.9
1975,7,69.8,1.6
1975,8,66.8,0.8
1975,9,55.7,-3.2
1975,10,50.3,2.3
1975,11,42.2,5.9
1975,12,23.6,-0.9
1976,1,13.8,-6.0
1976,2,27.4,6.7
1976,3,33.8,3.2
1976,4,45.4,2.6
1976,5,51.9,-2.6
1976,6,66.3,2.9
1976,7,65.6,-2.6
1976,8,64.7,-1.3
1976,9,56.5,-2.4
1976,10,43.2,-4.8
1976,11,31.4,-4.9
1976,12,18.2,-6.3
1977,1,11.0,-8.8
1977,2,21.7,1.0
1977,3,36.6,6.0
1977,4,44.6,1.8
1977,5,57.4,2.9
1977,6,61.0,-2.4
1977,7,68.4,0.2
1977,8,65.5,-0.5
1977,9,59.1,0.2
1977,10,46.0,-2.0
1977,11,39.4,3.1
1977,12,23.2,-1.3
1978,1,16.9,-2.9
1978,2,13.1,-7.6
1978,3,26.5,-4.1
1978,4,40.2,-2.6
1978,5,55.5,1.0
1978,6,62.6,-0.8
1978,7,67.4,-0.8
1978,8,67.4,1.4
1978,9,56.5,-2.4
1978,10,46.0,-2.0
1978,11,36.6,0.3
1978,12,25.7,1.2
1979,1,19.0,-0.8
1979,2,10.7,-10.0
1979,3,35.4,4.8
1979,4,42.3,-0.5
1979,5,55.6,1.1
1979,6,62.6,-0.8
1979,7,68.6,0.4
1979,8,65.4,-0.6
1979,9,58.2,-0.7
1979,10,47.5,-0.5
1979,11,40.9,4.6
1979,12,29.0,4.5
1980,1,21.6,1.8
1980,2,17.6,-3.1
1980,3,29.3,-1.3
1980,4,44.3,1.5
1980,5,56.0,1.5
1980,6,60.3,-3.1
1980,7,68.6,0.4
1980,8,69.2,3.2
1980,9,59.6,0.7
1980,10,44.7,-3.3
1980,11,33.1,-3.2
1980,12,19.0,-5.5
1981,1,11.9,-7.9
1981,2,29.4,8.7
1981,3,31.8,1.2
1981,4,46.0,3.2
1981,5,55.2,0.7
1981,6,64.0,0.6
1981,7,68.5,0.3
1981,8,65.7,-0.3
1981,9,57.3,-1.6
1981,10,44.1,-3.9
1981,11,36.5,0.2
1981,12,25.4,0.9
1982,1,12.0,-7.8
1982,2,21.4,0.7
1982,3,29.7,-0.9
1982,4,40.4,-2.4
1982,5,57.2,2.7
1982,6,60.7,-2.7
1982,7,68.1,-0.1
1982,8,63.0,-3.0
1982,9,59.0,0.1
1982,10,48.5,0.5
1982,11,40.1,3.8
1982,12,32.2,7.7
1983,1,22.2,2.4
1983,2,25.0,4.3
1983,3,34.4,3.8
1983,4,41.9,-0.9
1983,5,52.0,-2.5
1983,6,64.4,1.0
1983,7,69.7,1.5
1983,8,67.9,1.9
1983,9,60.9,2.0
1983,10,48.4,0.4
1983,11,37.5,1.2
1983,12,21.9,-2.6
1984,1,16.7,-3.1
1984,2,30.0,9.3
1984,3,24.2,-6.4
1984,4,43.8,1.0
1984,5,51.6,-2.9
1984,6,64.8,1.4
1984,7,67.2,-1.0
1984,8,68.4,2.4
1984,9,56.4,-2.5
1984,10,51.2,3.2
1984,11,36.5,0.2
1984,12,31.6,7.1
1985,1,16.1,-3.7
1985,2,22.8,2.1
1985,3,33.0,2.4
1985,4,45.6,2.8
1985,5,56.3,1.8
1985,6,59.5,-3.9
1985,7,67.0,-1.2
1985,8,65.6,-0.4
1985,9,60.7,1.8
1985,10,48.9,0.9
1985,11,38.9,2.6
1985,12,21.8,-2.7
1986,1,21.2,1.4
1986,2,20.3,-0.4
1986,3,33.9,3.3
1986,4,46.7,3.9
1986,5,57.9,3.4
1986,6,61.6,-1.8
1986,7,67.5,-0.7
1986,8,64.3,-1.7
1986,9,57.5,-1.4
1986,10,47.6,-0.4
1986,11,34.3,-2.0
1986,12,28.2,3.7
1987,1,20.3,0.5
1987,2,18.9,-1.8
1987,3,34.6,4.0
1987,4,47.4,4.6
1987,5,56.1,1.6
1987,6,65.2,1.8
1987,7,70.1,1.9
1987,8,64.8,-1.2
1987,9,58.7,-0.2
1987,10,45.0,-3.0
1987,11,37.6,1.3
1987,12,29.2,4.7
1988,1,19.2,-0.6
1988,2,21.6,0.9
1988,3,31.3,0.7
1988,4,43.1,0.3
1988,5,56.4,1.9
1988,6,61.8,-1.6
1988,7,71.0,2.8
1988,8,69.0,3.0
1988,9,57.4,-1.5
1988,10,43.8,-4.2
1988,11,39.1,2.8
1988,12,24.4,-0.1
1989,1,25.6,5.8
1989,2,20.8,0.1
1989,3,30.3,-0.3
1989,4,40.3,-2.5
1989,5,55.0,0.5
1989,6,64.7,1.3
1989,7,68.2,0.0
1989,8,65.6,-0.4
1989,9,59.1,0.2
1989,10,49.1,1.1
1989,11,35.8,-0.5
1989,12,11.1,-13.4
1990,1,30.3,10.5
1990,2,26.7,6.0
1990,3,34.5,3.9
1990,4,45.6,2.8
1990,5,52.1,-2.4
1990,6,63.9,0.5
1990,7,68.2,0.0
1990,8,67.0,1.0
1990,9,58.0,-0.9
1990,10,50.7,2.7
1990,11,39.5,3.2
1990,12,30.8,6.3
1991,1,21.0,1.2
1991,2,27.6,6.9
1991,3,34.7,4.1
1991,4,47.4,4.6
1991,5,60.0,5.5
1991,6,65.5,2.1
1991,7,68.6,0.4
1991,8,68.2,2.2
1991,9,57.4,-1.5
1991,10,50.1,2.1
1991,11,37.0,0.7
1991,12,27.5,3.0
1992,1,22.2,2.4
1992,2,23.9,3.2
1992,3,27.5,-3.1
1992,4,41.6,-1.2
1992,5,54.4,-0.1
1992,6,61.2,-2.2
1992,7,64.6,-3.6
1992,8,63.9,-2.1
1992,9,58.6,-0.3
1992,10,44.1,-3.9
1992,11,36.2,-0.1
1992,12,27.0,2.5
1993,1,24.3,4.5
1993,2,14.9,-5.8
1993,3,27.6,-3.0
1993,4,44.2,1.4
1993,5,55.2,0.7
1993,6,62.4,-1.0
1993,7,69.6,1.4
1993,8,67.8,1.8
1993,9,57.6,-1.3
1993,10,45.6,-2.4
1993,11,36.4,0.1
1993,12,24.5,0.0
1994,1,10.6,-9.2
1994,2,16.9,-3.8
1994,3,29.1,-1.5
1994,4,44.9,2.1
1994,5,52.2,-2.3
1994,6,65.8,2.4
1994,7,70.4,2.2
1994,8,64.5,-1.5
1994,9,58.2,-0.7
1994,10,47.9,-0.1
1994,11,41.5,5.2
1994,12,30.1,5.6
1995,1,27.2,7.4
1995,2,18.6,-2.1
1995,3,35.3,4.7
1995,4,39.8,-3.0
1995,5,53.7,-0.8
1995,6,66.1,2.7
1995,7,70.6,2.4
1995,8,68.7,2.7
1995,9,56.8,-2.1
1995,10,52.1,4.1
1995,11,33.0,-3.3
1995,12,20.8,-3.7
1996,1,18.9,-0.9
1996,2,21.8,1.1
1996,3,27.8,-2.8
1996,4,41.6,-1.2
1996,5,52.6,-1.9
1996,6,65.3,1.9
1996,7,66.4,-1.8
1996,8,67.3,1.3
1996,9,60.2,1.3
1996,10,48.0,0.0
1996,11,32.6,-3.7
1996,12,31.9,7.4
1997,1,20.0,0.2
1997,2,27.3,6.6
1997,3,30.1,-0.5
1997,4,41.0,-1.8
1997,5,49.8,-4.7
1997,6,64.9,1.5
1997,7,66.9,-1.3
1997,8,64.9,-1.1
1997,9,57.8,-1.1
1997,10,46.9,-1.1
1997,11,34.5,-1.8
1997,12,27.8,3.3
1998,1,27.5,7.7
1998,2,30.2,9.5
1998,3,34.8,4.2
1998,4,46.0,3.2
1998,5,60.4,5.9
1998,6,63.7,0.3
1998,7,67.7,-0.5
1998,8,68.0,2.0
1998,9,61.1,2.2
1998,10,49.4,1.4
1998,11,38.5,2.2
1998,12,32.8,8.3
1999,1,20.7,0.9
1999,2,27.1,6.4
1999,3,30.1,-0.5
1999,4,44.0,1.2
1999,5,57.4,2.9
1999,6,66.7,3.3
1999,7,71.3,3.1
1999,8,65.8,-0.2
1999,9,62.1,3.2
1999,10,46.7,-1.3
1999,11,42.2,5.9
1999,12,28.6,4.1
2000,1,19.2,-0.6
2000,2,25.9,5.2
2000,3,37.9,7.3
2000,4,42.6,-0.2
2000,5,56.4,1.9
2000,6,63.6,0.2
2000,7,64.8,-3.4
2000,8,65.4,-0.6
2000,9,58.3,-0.6
2000,10,48.8,0.8
2000,11,36.3,0.0
2000,12,19.4,-5.1
2001,1,22.4,2.6
2001,2,24.7,4.0
2001,3,28.0,-2.6
2001,4,44.4,1.6
2001,5,57.0,2.5
2001,6,64.8,1.4
2001,7,65.9,-2.3
2001,8,70.0,4.0
2001,9,59.4,0.5
2001,10,50.1,2.1
2001,11,43.1,6.8
2001,12,33.4,8.9
2002,1,29.1,9.3
2002,2,29.1,8.4
2002,3,33.2,2.6
2002,4,45.9,3.1
2002,5,51.3,-3.2
2002,6,64.4,1.0
2002,7,70.0,1.8
2002,8,69.0,3.0
2002,9,63.1,4.2
2002,10,46.2,-1.8
2002,11,36.0,-0.3
2002,12,24.8,0.3
2003,1,14.6,-5.2
2003,2,18.3,-2.4
2003,3,31.7,1.1
2003,4,41.3,-1.5
2003,5,53.8,-0.7
2003,6,62.7,-0.7
2003,7,68.1,-0.1
2003,8,69.1,3.1
2003,9,60.5,1.6
2003,10,46.2,-1.8
2003,11,40.5,4.2
2003,12,27.5,3.0
2004,1,12.8,-7.0
2004,2,21.6,0.9
2004,3,34.8,4.2
2004,4,44.1,1.3
2004,5,58.5,4.0
2004,6,62.0,-1.4
2004,7,67.3,-0.9
2004,8,65.8,-0.2
2004,9,61.9,3.0
2004,10,48.4,0.4
2004,11,38.8,2.5
2004,12,26.0,1.5
2005,1,18.6,-1.2
2005,2,24.1,3.4
2005,3,27.6,-3.0
2005,4,45.9,3.1
2005,5,51.0,-3.5
2005,6,69.1,5.7
2005,7,71.1,2.9
2005,8,70.1,4.1
2005,9,63.2,4.3
2005,10,49.7,1.7
2005,11,40.5,4.2
2005,12,23.8,-0.7
2006,1,30.1,10.3
2006,2,24.7,4.0
2006,3,31.7,1.1
2006,4,45.7,2.9
2006,5,55.7,1.2
2006,6,64.4,1.0
2006,7,71.0,2.8
2006,8,66.8,0.8
2006,9,58.1,-0.8
2006,10,46.6,-1.4
2006,11,42.4,6.1
2006,12,34.4,9.9
2007,1,25.2,5.4
2007,2,16.2,-4.5
2007,3,30.2,-0.4
2007,4,41.2,-1.6
2007,5,56.2,1.7
2007,6,65.7,2.3
2007,7,66.7,-1.5
2007,8,67.8,1.8
2007,9,62.0,3.1
2007,10,54.9,6.9
2007,11,35.9,-0.4
2007,12,25.9,1.4
2008,1,25.9,6.1
2008,2,23.5,2.8
2008,3,29.3,-1.3
2008,4,48.4,5.6
2008,5,51.7,-2.8
2008,6,66.6,3.2
2008,7,69.1,0.9
2008,8,64.8,-1.2
2008,9,60.7,1.8
2008,10,46.4,-1.6
2008,11,36.4,0.1
2008,12,26.5,2.0
2009,1,15.0,-4.8
2009,2,24.7,4.0
2009,3,33.1,2.5
2009,4,45.8,3.0
2009,5,55.1,0.6
2009,6,62.1,-1.3
2009,7,65.2,-3.0
2009,8,67.9,1.9
2009,9,58.4,-0.5
2009,10,45.9,-2.1
2009,11,41.8,5.5
2009,12,25.2,0.7
2010,1,21.8,2.0
2010,2,24.1,3.4
2010,3,38.2,7.6
2010,4,49.2,6.4
2010,5,58.6,4.1
2010,6,65.1,1.7
2010,7,71.4,3.2
2010,8,68.2,2.2
2010,9,60.9,2.0
2010,10,48.5,0.5
2010,11,37.9,1.6
2010,12,23.1,-1.4
2011,1,18.6,-1.2
2011,2,21.8,1.1
2011,3,30.9,0.3
2011,4,45.0,2.2
2011,5,58.0,3.5
2011,6,65.1,1.7
2011,7,71.4,3.2
2011,8,67.6,1.6
2011,9,62.6,3.7
2011,10,49.6,1.6
2011,11,43.1,6.8
2011,12,31.8,7.3
2012,1,26.0,6.2
2012,2,29.9,9.2
2012,3,43.3,12.7
2012,4,43.9,1.1
2012,5,60.5,6.0
2012,6,64.6,1.2
2012,7,71.4,3.2
2012,8,68.4,2.4
2012,9,59.9,1.0
2012,10,50.9,2.9
2012,11,35.7,-0.6
2012,12,31.6,7.1
2013,1,24.3,4.5
2013,2,23.3,2.6
2013,3,30.6,0.0
2013,4,43.4,0.6
2013,5,57.2,2.7
2013,6,64.0,0.6
2013,7,71.2,3.0
2013,8,65.8,-0.2
2013,9,58.3,-0.6
2013,10,50.8,2.8
2013,11,34.4,-1.9
2013,12,25.4,0.9
2014,1,16.9,-2.9
2014,2,18.8,-1.9
2014,3,23.6,-7.0
2014,4,43.5,0.7
2014,5,56.7,2.2
2014,6,65.0,1.6
2014,7,67.4,-0.8
2014,8,65.3,-0.7
2014,9,60.1,1.2
2014,10,51.3,3.3
2014,11,35.3,-1.0
2014,12,30.2,5.7
2015,1,16.2,-3.6
2015,2,9.2,-11.5
2015,3,25.5,-5.1
2015,4,43.3,0.5
2015,5,61.0,6.5
2015,6,63.0,-0.4
2015,7,68.1,-0.1
2015,8,67.5,1.5
2015,9,65.0,6.1
2015,10,47.4,-0.6
2015,11,42.8,6.5
2015,12,39.3,14.8
2016,1,23.7,3.9
2016,2,26.7,6.0
2016,3,37.7,7.1
2016,4,41.3,-1.5
2016,5,55.8,1.3
2016,6,64.1,0.7
2016,7,70.4,2.2
2016,8,70.9,4.9
2016,9,62.9,4.0
2016,10,50.5,2.5
2016,11,40.2,3.9
2016,12,27.6,3.1
2017,1,27.9,8.1
2017,2,30.6,9.9
2017,3,28.2,-2.4
2017,4,48.8,6.0
2017,5,54.0,-0.5
2017,6,64.0,0.6
2017,7,68.1,-0.1
2017,8,65.6,-0.4
2017,9,62.3,3.4
2017,10,54.8,6.8
2017,11,36.2,-0.1
2017,12,22.6,-1.9
2018,1,19.1,-0.7
2018,2,29.4,8.7
2018,3,29.9,-0.7
2018,4,37.8,-5.0
2018,5,60.0,5.5
2018,6,63.4,0.0
2018,7,71.2,3.0
2018,8,70.4,4.4
2018,9,63.6,4.7
2018,10,47.7,-0.3
2018,11,33.3,-3.0
2018,12,28.5,4.0
2019,1,19.4,-0.4
2019,2,24.2,3.5
2019,3,29.5,-1.1
2019,4,44.5,1.7
2019,5,54.2,-0.3
2019,6,62.9,-0.5
2019,7,71.0,2.8
2019,8,66.6,0.6
2019,9,60.3,1.4
2019,10,50.2,2.2
2019,11,32.8,-3.5
2019,12,27.3,2.8
2020,1,27.7,7.9
2020,2,26.6,5.9
2020,3,37.2,6.6
2020,4,41.1,-1.7
2020,5,54.2,-0.3
2020,6,65.2,1.8
2020,7,72.9,4.7
2020,8,68.6,2.6
2020,9,59.6,0.7
2020,10,49.0,1.0
2020,11,41.9,5.6
2020,12,29.8,5.3
2021,1,24.0,4.2
2021,2,21.7,1.0
2021,3,35.0,4.4
2021,4,45.7,2.9
2021,5,54.7,0.2
2021,6,67.1,3.7
2021,7,67.7,-0.5
2021,8,70.4,4.4
2021,9,61.7,2.8
2021,10,54.8,6.8
2021,11,37.0,0.7
2021,12,32.8,8.3
2022,1,15.8,-4.0
2022,2,23.8,3.1
2022,3,33.8,3.2
2022,4,43.8,1.0
2022,5,58.6,4.1
2022,6,63.8,0.4
2022,7,69.7,1.5
2022,8,70.0,4.0
2022,9,60.5,1.6
2022,10,48.9,0.9
2022,11,41.0,4.7
2022,12,29.0,4.5
2023,1,30.5,10.7
2023,2,28.1,7.4
2023,3,32.6,2.0
2023,4,48.0,5.2
2023,5,53.8,-0.7
2023,6,63.1,-0.3
2023,7,70.7,2.5
2023,8,65.8,-0.2
2023,9,61.7,2.8
2023,10,53.0,5.0
2023,11,36.1,-0.2
2023,12,34.9,10.4
2024,1,26.6,6.8
2024,2,30.4,9.7
2024,3,37.5,6.9
2024,4,45.9,3.1
2024,5,60.1,5.6
2024,6,66.5,3.1
2024,7,71.2,3.0
2024,8,67.3,1.3
2024,9,62.4,3.5
2024,10,50.6,2.6
