Entity,Code,Year,Annual CO₂ emissions (per capita)
High-income countries,,1750,0.056684148
High-income countries,,1760,0.061903786
High-income countries,,1770,0.07456725
High-income countries,,1780,0.087254226
High-income countries,,1790,0.10800384
High-income countries,,1800,0.16951261
High-income countries,,1801,0.16441928
High-income countries,,1802,0.20593195
High-income countries,,1803,0.14996637
High-income countries,,1804,0.1602864
High-income countries,,1805,0.15668845
High-income countries,,1806,0.16293992
High-income countries,,1807,0.17921612
High-income countries,,1808,0.17461832
High-income countries,,1809,0.17758769
High-income countries,,1810,0.19130826
High-income countries,,1811,0.19297595
High-income countries,,1812,0.19417302
High-income countries,,1813,0.19400124
High-income countries,,1814,0.19670106
High-income countries,,1815,0.20084605
High-income countries,,1816,0.20733319
High-income countries,,1817,0.22202967
High-income countries,,1818,0.22890447
High-income countries,,1819,0.22438103
High-income countries,,1820,0.22117804
High-income countries,,1821,0.22484004
High-income countries,,1822,0.23124044
High-income countries,,1823,0.23929422
High-income countries,,1824,0.24250682
High-income countries,,1825,0.2536623
High-income countries,,1826,0.25421712
High-income countries,,1827,0.26994857
High-income countries,,1828,0.2714859
High-income countries,,1829,0.26769772
High-income countries,,1830,0.3561572
High-income countries,,1831,0.33059973
High-income countries,,1832,0.32348093
High-income countries,,1833,0.3255038
High-income countries,,1834,0.34446737
High-income countries,,1835,0.37501898
High-income countries,,1836,0.4084296
High-income countries,,1837,0.40259904
High-income countries,,1838,0.3981
High-income countries,,1839,0.4092823
High-income countries,,1840,0.44015896
High-income countries,,1841,0.44951165
High-income countries,,1842,0.47289893
High-income countries,,1843,0.48053434
High-income countries,,1844,0.51205856
High-income countries,,1845,0.5555988
High-income countries,,1846,0.5612009
High-income countries,,1847,0.60366064
High-income countries,,1848,0.60949117
High-income countries,,1849,0.644773
High-income countries,,1850,0.6803433
High-income countries,,1851,0.6825642
High-income countries,,1852,0.70726264
High-income countries,,1853,0.73462796
High-income countries,,1854,0.85615087
High-income countries,,1855,0.8651624
High-income countries,,1856,0.91612744
High-income countries,,1857,0.9173472
High-income countries,,1858,0.92099756
High-income countries,,1859,0.96821934
High-income countries,,1860,1.0535085
High-income countries,,1861,1.0986695
High-income countries,,1862,1.1110064
High-income countries,,1863,1.1757032
High-income countries,,1864,1.257452
High-income countries,,1865,1.3240764
High-income countries,,1866,1.3489677
High-income countries,,1867,1.4340045
High-income countries,,1868,1.4639492
High-income countries,,1869,1.5389042
High-income countries,,1870,1.5583186
High-income countries,,1871,1.6388354
High-income countries,,1872,1.79849
High-income countries,,1873,1.895393
High-income countries,,1874,1.7550961
High-income countries,,1875,1.8850116
High-income countries,,1876,1.890203
High-income countries,,1877,1.9093812
High-income countries,,1878,1.8950697
High-income countries,,1879,2.0129268
High-income countries,,1880,2.2505546
High-income countries,,1881,2.3066092
High-income countries,,1882,2.4133143
High-income countries,,1883,2.539306
High-income countries,,1884,2.542969
High-income countries,,1885,2.5343766
High-income countries,,1886,2.548098
High-income countries,,1887,2.6456926
High-income countries,,1888,2.904632
High-income countries,,1889,2.8687153
High-income countries,,1890,3.0900445
High-income countries,,1891,3.2012043
High-income countries,,1892,3.1881013
High-income countries,,1893,3.0991895
High-income countries,,1894,3.176996
High-income countries,,1895,3.3233461
High-income countries,,1896,3.397334
High-income countries,,1897,3.5122564
High-income countries,,1898,3.6555383
High-income countries,,1899,3.9462883
High-income countries,,1900,4.106429
High-income countries,,1901,4.1874743
High-income countries,,1902,4.2521906
High-income countries,,1903,4.59935
High-income countries,,1904,4.5762844
High-income countries,,1905,4.8467245
High-income countries,,1906,4.9802413
High-income countries,,1907,5.5779967
High-income countries,,1908,5.268042
High-income countries,,1909,5.430668
High-income countries,,1910,5.658989
High-income countries,,1911,5.688109
High-income countries,,1912,5.941306
High-income countries,,1913,6.384398
High-income countries,,1914,5.7498446
High-income countries,,1915,5.6476126
High-income countries,,1916,6.0698524
High-income countries,,1917,6.3291073
High-income countries,,1918,6.29482
High-income countries,,1919,5.3433895
High-income countries,,1920,6.1624417
High-income countries,,1921,5.273324
High-income countries,,1922,5.4926004
High-income countries,,1923,6.217037
High-income countries,,1924,6.1413317
High-income countries,,1925,6.166964
High-income countries,,1926,5.9647846
High-income countries,,1927,6.464962
High-income countries,,1928,6.3473196
High-income countries,,1929,6.761887
High-income countries,,1930,6.073567
High-income countries,,1931,5.286569
High-income countries,,1932,4.6277575
High-income countries,,1933,4.813259
High-income countries,,1934,5.131521
High-income countries,,1935,5.2849636
High-income countries,,1936,5.7552853
High-income countries,,1937,6.119153
High-income countries,,1938,5.6154084
High-income countries,,1939,5.9095006
High-income countries,,1940,6.3444915
High-income countries,,1941,6.547583
High-income countries,,1942,6.772744
High-income countries,,1943,6.849964
High-income countries,,1944,6.7384105
High-income countries,,1945,5.4198866
High-income countries,,1946,5.8221397
High-income countries,,1947,6.464076
High-income countries,,1948,6.744209
High-income countries,,1949,6.2528057
High-income countries,,1950,6.8566327
High-income countries,,1951,7.236837
High-income countries,,1952,7.1221375
High-income countries,,1953,7.2053776
High-income countries,,1954,7.1213694
High-income countries,,1955,7.596113
High-income countries,,1956,7.9145026
High-income countries,,1957,7.879898
High-income countries,,1958,7.616795
High-income countries,,1959,7.6852837
High-income countries,,1960,8.007849
High-income countries,,1961,8.107073
High-income countries,,1962,8.40127
High-income countries,,1963,8.7444725
High-income countries,,1964,9.071922
High-income countries,,1965,9.271369
High-income countries,,1966,9.533204
High-income countries,,1967,9.777544
High-income countries,,1968,10.190892
High-income countries,,1969,10.743591
High-income countries,,1970,11.430907
High-income countries,,1971,11.542594
High-income countries,,1972,11.924375
High-income countries,,1973,12.407225
High-income countries,,1974,12.030495
High-income countries,,1975,11.627654
High-income countries,,1976,12.248199
High-income countries,,1977,12.342451
High-income countries,,1978,12.443647
High-income countries,,1979,12.705396
High-income countries,,1980,12.332391
High-income countries,,1981,11.822412
High-income countries,,1982,11.306434
High-income countries,,1983,11.142629
High-income countries,,1984,11.448363
High-income countries,,1985,11.462884
High-income countries,,1986,11.417267
High-income countries,,1987,11.556252
High-income countries,,1988,11.842631
High-income countries,,1989,11.988075
High-income countries,,1990,12.143027
High-income countries,,1991,12.524094
High-income countries,,1992,12.066916
High-income countries,,1993,12.09575
High-income countries,,1994,12.203467
High-income countries,,1995,12.20905
High-income countries,,1996,12.499062
High-income countries,,1997,12.448411
High-income countries,,1998,12.330393
High-income countries,,1999,12.394633
High-income countries,,2000,12.719807
High-income countries,,2001,12.605813
High-income countries,,2002,12.623015
High-income countries,,2003,12.7795725
High-income countries,,2004,12.884651
High-income countries,,2005,12.833496
High-income countries,,2006,12.736941
High-income countries,,2007,12.718096
High-income countries,,2008,12.358597
High-income countries,,2009,11.539269
High-income countries,,2010,11.927868
High-income countries,,2011,11.695195
High-income countries,,2012,11.5575
High-income countries,,2013,11.506661
High-income countries,,2014,11.330296
High-income countries,,2015,11.244187
High-income countries,,2016,11.056069
High-income countries,,2017,10.968971
High-income countries,,2018,10.975433
High-income countries,,2019,10.671261
High-income countries,,2020,9.701161
High-income countries,,2021,10.209253
High-income countries,,2022,10.132565
Low-income countries,,1750,0.0
Low-income countries,,1760,0.0
Low-income countries,,1770,0.0
Low-income countries,,1780,0.0
Low-income countries,,1790,0.0
Low-income countries,,1800,0.0
Low-income countries,,1801,0.0
Low-income countries,,1802,0.0
Low-income countries,,1803,0.0
Low-income countries,,1804,0.0
Low-income countries,,1805,0.0
Low-income countries,,1806,0.0
Low-income countries,,1807,0.0
Low-income countries,,1808,0.0
Low-income countries,,1809,0.0
Low-income countries,,1810,0.0
Low-income countries,,1811,0.0
Low-income countries,,1812,0.0
Low-income countries,,1813,0.0
Low-income countries,,1814,0.0
Low-income countries,,1815,0.0
Low-income countries,,1816,0.0
Low-income countries,,1817,0.0
Low-income countries,,1818,0.0
Low-income countries,,1819,0.0
Low-income countries,,1820,0.0
Low-income countries,,1821,0.0
Low-income countries,,1822,0.0
Low-income countries,,1823,0.0
Low-income countries,,1824,0.0
Low-income countries,,1825,0.0
Low-income countries,,1826,0.0
Low-income countries,,1827,0.0
Low-income countries,,1828,0.0
Low-income countries,,1829,0.0
Low-income countries,,1830,0.0
Low-income countries,,1831,0.0
Low-income countries,,1832,0.0
Low-income countries,,1833,0.0
Low-income countries,,1834,0.0
Low-income countries,,1835,0.0
Low-income countries,,1836,0.0
Low-income countries,,1837,0.0
Low-income countries,,1838,0.0
Low-income countries,,1839,0.0
Low-income countries,,1840,0.0
Low-income countries,,1841,0.0
Low-income countries,,1842,0.0
Low-income countries,,1843,0.0
Low-income countries,,1844,0.0
Low-income countries,,1845,0.0
Low-income countries,,1846,0.0
Low-income countries,,1847,0.0
Low-income countries,,1848,0.0
Low-income countries,,1849,0.0
Low-income countries,,1850,0.0
Low-income countries,,1851,0.0
Low-income countries,,1852,0.0
Low-income countries,,1853,0.0
Low-income countries,,1854,0.0
Low-income countries,,1855,0.0
Low-income countries,,1856,0.0
Low-income countries,,1857,0.0
Low-income countries,,1858,0.0
Low-income countries,,1859,0.0
Low-income countries,,1860,0.0
Low-income countries,,1861,0.0
Low-income countries,,1862,0.0
Low-income countries,,1863,0.0
Low-income countries,,1864,0.0
Low-income countries,,1865,0.0
Low-income countries,,1866,0.0
Low-income countries,,1867,0.0
Low-income countries,,1868,0.0
Low-income countries,,1869,0.0
Low-income countries,,1870,0.0
Low-income countries,,1871,0.0
Low-income countries,,1872,0.0
Low-income countries,,1873,0.0
Low-income countries,,1874,0.0
Low-income countries,,1875,0.0
Low-income countries,,1876,0.0
Low-income countries,,1877,0.0
Low-income countries,,1878,0.0
Low-income countries,,1879,0.0
Low-income countries,,1880,0.0
Low-income countries,,1881,0.0
Low-income countries,,1882,0.0
Low-income countries,,1883,0.0
Low-income countries,,1884,0.0
Low-income countries,,1885,0.0
Low-income countries,,1886,0.0
Low-income countries,,1887,0.0
Low-income countries,,1888,0.0
Low-income countries,,1889,0.0
Low-income countries,,1890,0.0
Low-income countries,,1891,0.0
Low-income countries,,1892,0.0
Low-income countries,,1893,0.0
Low-income countries,,1894,0.0
Low-income countries,,1895,0.0
Low-income countries,,1896,0.0
Low-income countries,,1897,0.0
Low-income countries,,1898,0.0
Low-income countries,,1899,0.0
Low-income countries,,1900,0.0
Low-income countries,,1901,0.0
Low-income countries,,1902,0.0
Low-income countries,,1903,0.0
Low-income countries,,1904,0.0
Low-income countries,,1905,0.00017616761
Low-income countries,,1906,0.0
Low-income countries,,1907,0.0
Low-income countries,,1908,0.0
Low-income countries,,1909,0.0018863296
Low-income countries,,1910,0.0023608976
Low-income countries,,1911,0.002784682
Low-income countries,,1912,0.0034589518
Low-income countries,,1913,0.0039894837
Low-income countries,,1914,0.0056582596
Low-income countries,,1915,0.007000777
Low-income countries,,1916,0.0057666562
Low-income countries,,1917,0.0
Low-income countries,,1918,0.0055709705
Low-income countries,,1919,0.006537513
Low-income countries,,1920,0.008467396
Low-income countries,,1921,0.009101564
Low-income countries,,1922,0.010103705
Low-income countries,,1923,0.012789126
Low-income countries,,1924,0.013930189
Low-income countries,,1925,0.020173943
Low-income countries,,1926,0.022177128
Low-income countries,,1927,0.023197098
Low-income countries,,1928,0.02645311
Low-income countries,,1929,0.02983327
Low-income countries,,1930,0.029067477
Low-income countries,,1931,0.02881026
Low-income countries,,1932,0.03163906
Low-income countries,,1933,0.036172047
Low-income countries,,1934,0.04772937
Low-income countries,,1935,0.055402633
Low-income countries,,1936,0.0644856
Low-income countries,,1937,0.06934662
Low-income countries,,1938,0.09117199
Low-income countries,,1939,0.11717393
Low-income countries,,1940,0.1479438
Low-income countries,,1941,0.16320647
Low-income countries,,1942,0.17837259
Low-income countries,,1943,0.17162411
Low-income countries,,1944,0.17823003
Low-income countries,,1945,0.002960173
Low-income countries,,1946,0.0043376093
Low-income countries,,1947,0.004519741
Low-income countries,,1948,0.01702134
Low-income countries,,1949,0.021430597
Low-income countries,,1950,0.04846872
Low-income countries,,1951,0.052791692
Low-income countries,,1952,0.05918725
Low-income countries,,1953,0.06887952
Low-income countries,,1954,0.13640684
Low-income countries,,1955,0.15609695
Low-income countries,,1956,0.16809142
Low-income countries,,1957,0.19642833
Low-income countries,,1958,0.21724384
Low-income countries,,1959,0.25182942
Low-income countries,,1960,0.29265717
Low-income countries,,1961,0.30022562
Low-income countries,,1962,0.33111155
Low-income countries,,1963,0.3364476
Low-income countries,,1964,0.36118227
Low-income countries,,1965,0.41672704
Low-income countries,,1966,0.43858033
Low-income countries,,1967,0.4589972
Low-income countries,,1968,0.5682492
Low-income countries,,1969,0.56524616
Low-income countries,,1970,0.5932178
Low-income countries,,1971,0.78659797
Low-income countries,,1972,0.657987
Low-income countries,,1973,0.693396
Low-income countries,,1974,0.7076928
Low-income countries,,1975,0.71908987
Low-income countries,,1976,0.7189194
Low-income countries,,1977,0.729436
Low-income countries,,1978,0.68829304
Low-income countries,,1979,0.7228128
Low-income countries,,1980,0.7195655
Low-income countries,,1981,0.7308211
Low-income countries,,1982,0.71584016
Low-income countries,,1983,0.75413287
Low-income countries,,1984,0.7928068
Low-income countries,,1985,0.80639076
Low-income countries,,1986,0.83951646
Low-income countries,,1987,0.90970725
Low-income countries,,1988,0.985
Low-income countries,,1989,0.98528427
Low-income countries,,1990,0.65403545
Low-income countries,,1991,0.6304218
Low-income countries,,1992,0.5618791
Low-income countries,,1993,0.518718
Low-income countries,,1994,0.4882302
Low-income countries,,1995,0.46652466
Low-income countries,,1996,0.4321997
Low-income countries,,1997,0.4237914
Low-income countries,,1998,0.4107865
Low-income countries,,1999,0.42570913
Low-income countries,,2000,0.4294245
Low-income countries,,2001,0.42371845
Low-income countries,,2002,0.3821928
Low-income countries,,2003,0.42365277
Low-income countries,,2004,0.4172987
Low-income countries,,2005,0.4166623
Low-income countries,,2006,0.42315614
Low-income countries,,2007,0.421644
Low-income countries,,2008,0.43382382
Low-income countries,,2009,0.3924598
Low-income countries,,2010,0.37890834
Low-income countries,,2011,0.34298104
Low-income countries,,2012,0.31031743
Low-income countries,,2013,0.28486595
Low-income countries,,2014,0.29404354
Low-income countries,,2015,0.25810745
Low-income countries,,2016,0.25180414
Low-income countries,,2017,0.29275173
Low-income countries,,2018,0.2939802
Low-income countries,,2019,0.29611948
Low-income countries,,2020,0.27861932
Low-income countries,,2021,0.28716096
Low-income countries,,2022,0.28005043
Lower-middle-income countries,,1750,0.0
Lower-middle-income countries,,1760,0.0
Lower-middle-income countries,,1770,0.0
Lower-middle-income countries,,1780,0.0
Lower-middle-income countries,,1790,0.0
Lower-middle-income countries,,1800,0.0
Lower-middle-income countries,,1801,0.0
Lower-middle-income countries,,1802,0.0
Lower-middle-income countries,,1803,0.0
Lower-middle-income countries,,1804,0.0
Lower-middle-income countries,,1805,0.0
Lower-middle-income countries,,1806,0.0
Lower-middle-income countries,,1807,0.0
Lower-middle-income countries,,1808,0.0
Lower-middle-income countries,,1809,0.0
Lower-middle-income countries,,1810,0.0
Lower-middle-income countries,,1811,0.0
Lower-middle-income countries,,1812,0.0
Lower-middle-income countries,,1813,0.0
Lower-middle-income countries,,1814,0.0
Lower-middle-income countries,,1815,0.0
Lower-middle-income countries,,1816,0.0
Lower-middle-income countries,,1817,0.0
Lower-middle-income countries,,1818,0.0
Lower-middle-income countries,,1819,0.0
Lower-middle-income countries,,1820,0.0
Lower-middle-income countries,,1821,0.0
Lower-middle-income countries,,1822,0.0
Lower-middle-income countries,,1823,0.0
Lower-middle-income countries,,1824,0.0
Lower-middle-income countries,,1825,0.0
Lower-middle-income countries,,1826,0.0
Lower-middle-income countries,,1827,0.0
Lower-middle-income countries,,1828,0.0
Lower-middle-income countries,,1829,0.0
Lower-middle-income countries,,1830,1.2209887e-05
Lower-middle-income countries,,1831,1.4591053e-05
Lower-middle-income countries,,1832,9.681882e-06
Lower-middle-income countries,,1833,1.2046574e-05
Lower-middle-income countries,,1834,0.0
Lower-middle-income countries,,1835,0.0
Lower-middle-income countries,,1836,0.0
Lower-middle-income countries,,1837,0.0
Lower-middle-income countries,,1838,0.0
Lower-middle-income countries,,1839,0.0
Lower-middle-income countries,,1840,0.0
Lower-middle-income countries,,1841,0.0
Lower-middle-income countries,,1842,0.0
Lower-middle-income countries,,1843,0.0
Lower-middle-income countries,,1844,0.0
Lower-middle-income countries,,1845,0.0
Lower-middle-income countries,,1846,0.0
Lower-middle-income countries,,1847,0.0
Lower-middle-income countries,,1848,0.0
Lower-middle-income countries,,1849,0.0
Lower-middle-income countries,,1850,6.890867e-05
Lower-middle-income countries,,1851,0.0
Lower-middle-income countries,,1852,0.0
Lower-middle-income countries,,1853,0.0
Lower-middle-income countries,,1854,0.0
Lower-middle-income countries,,1855,0.00020448826
Lower-middle-income countries,,1856,0.0
Lower-middle-income countries,,1857,0.0
Lower-middle-income countries,,1858,0.001292428
Lower-middle-income countries,,1859,0.0019200367
Lower-middle-income countries,,1860,0.0020239744
Lower-middle-income countries,,1861,0.0017525741
Lower-middle-income countries,,1862,0.0018291211
Lower-middle-income countries,,1863,0.0019905856
Lower-middle-income countries,,1864,0.0019550114
Lower-middle-income countries,,1865,0.0018981517
Lower-middle-income countries,,1866,0.0031319377
Lower-middle-income countries,,1867,0.0017765176
Lower-middle-income countries,,1868,0.001470833
Lower-middle-income countries,,1869,0.0019862934
Lower-middle-income countries,,1870,0.0021467116
Lower-middle-income countries,,1871,0.002887371
Lower-middle-income countries,,1872,0.0029543568
Lower-middle-income countries,,1873,0.002764667
Lower-middle-income countries,,1874,0.0033458297
Lower-middle-income countries,,1875,0.0038395026
Lower-middle-income countries,,1876,0.00475257
Lower-middle-income countries,,1877,0.0048355544
Lower-middle-income countries,,1878,0.0104687745
Lower-middle-income countries,,1879,0.010396254
Lower-middle-income countries,,1880,0.011925762
Lower-middle-income countries,,1881,0.012141226
Lower-middle-income countries,,1882,0.013295475
Lower-middle-income countries,,1883,0.014875955
Lower-middle-income countries,,1884,0.015552721
Lower-middle-income countries,,1885,0.015644683
Lower-middle-income countries,,1886,0.01647156
Lower-middle-income countries,,1887,0.017579963
Lower-middle-income countries,,1888,0.018649688
Lower-middle-income countries,,1889,0.020732721
Lower-middle-income countries,,1890,0.023060959
Lower-middle-income countries,,1891,0.025019038
Lower-middle-income countries,,1892,0.027234463
Lower-middle-income countries,,1893,0.031389426
Lower-middle-income countries,,1894,0.030997042
Lower-middle-income countries,,1895,0.036351908
Lower-middle-income countries,,1896,0.03818716
Lower-middle-income countries,,1897,0.043059
Lower-middle-income countries,,1898,0.047971748
Lower-middle-income countries,,1899,0.054224532
Lower-middle-income countries,,1900,0.06155316
Lower-middle-income countries,,1901,0.064670436
Lower-middle-income countries,,1902,0.06550405
Lower-middle-income countries,,1903,0.065369755
Lower-middle-income countries,,1904,0.072745495
Lower-middle-income countries,,1905,0.06907644
Lower-middle-income countries,,1906,0.07847529
Lower-middle-income countries,,1907,0.08677187
Lower-middle-income countries,,1908,0.0928196
Lower-middle-income countries,,1909,0.09327356
Lower-middle-income countries,,1910,0.0912435
Lower-middle-income countries,,1911,0.09493673
Lower-middle-income countries,,1912,0.10781482
Lower-middle-income countries,,1913,0.11900906
Lower-middle-income countries,,1914,0.11611026
Lower-middle-income countries,,1915,0.11510567
Lower-middle-income countries,,1916,0.12041843
Lower-middle-income countries,,1917,0.12151096
Lower-middle-income countries,,1918,0.1055195
Lower-middle-income countries,,1919,0.11077391
Lower-middle-income countries,,1920,0.09623654
Lower-middle-income countries,,1921,0.10621452
Lower-middle-income countries,,1922,0.110385016
Lower-middle-income countries,,1923,0.11816134
Lower-middle-income countries,,1924,0.12994891
Lower-middle-income countries,,1925,0.1299427
Lower-middle-income countries,,1926,0.14033656
Lower-middle-income countries,,1927,0.15390803
Lower-middle-income countries,,1928,0.16416955
Lower-middle-income countries,,1929,0.1668288
Lower-middle-income countries,,1930,0.18419409
Lower-middle-income countries,,1931,0.18412542
Lower-middle-income countries,,1932,0.18874714
Lower-middle-income countries,,1933,0.19705717
Lower-middle-income countries,,1934,0.2220446
Lower-middle-income countries,,1935,0.23589857
Lower-middle-income countries,,1936,0.253494
Lower-middle-income countries,,1937,0.2714988
Lower-middle-income countries,,1938,0.28351563
Lower-middle-income countries,,1939,0.2809259
Lower-middle-income countries,,1940,0.30704385
Lower-middle-income countries,,1941,0.27909982
Lower-middle-income countries,,1942,0.21962261
Lower-middle-income countries,,1943,0.21253283
Lower-middle-income countries,,1944,0.26432192
Lower-middle-income countries,,1945,0.291687
Lower-middle-income countries,,1946,0.31623742
Lower-middle-income countries,,1947,0.34853774
Lower-middle-income countries,,1948,0.3820089
Lower-middle-income countries,,1949,0.31226718
Lower-middle-income countries,,1950,0.37711018
Lower-middle-income countries,,1951,0.39115345
Lower-middle-income countries,,1952,0.40548685
Lower-middle-income countries,,1953,0.41355464
Lower-middle-income countries,,1954,0.4337841
Lower-middle-income countries,,1955,0.4909394
Lower-middle-income countries,,1956,0.52252936
Lower-middle-income countries,,1957,0.55672646
Lower-middle-income countries,,1958,0.5811478
Lower-middle-income countries,,1959,0.5951261
Lower-middle-income countries,,1960,0.6300016
Lower-middle-income countries,,1961,0.63778514
Lower-middle-income countries,,1962,0.6621905
Lower-middle-income countries,,1963,0.69638485
Lower-middle-income countries,,1964,0.72113866
Lower-middle-income countries,,1965,0.76189166
Lower-middle-income countries,,1966,0.79702353
Lower-middle-income countries,,1967,0.8037313
Lower-middle-income countries,,1968,0.83236235
Lower-middle-income countries,,1969,0.8483337
Lower-middle-income countries,,1970,0.8852771
Lower-middle-income countries,,1971,0.9269225
Lower-middle-income countries,,1972,0.96257603
Lower-middle-income countries,,1973,1.0120168
Lower-middle-income countries,,1974,1.0297779
Lower-middle-income countries,,1975,1.0402486
Lower-middle-income countries,,1976,1.0694996
Lower-middle-income countries,,1977,1.0847933
Lower-middle-income countries,,1978,1.1014392
Lower-middle-income countries,,1979,1.1027421
Lower-middle-income countries,,1980,1.0996355
Lower-middle-income countries,,1981,1.0628959
Lower-middle-income countries,,1982,1.0720115
Lower-middle-income countries,,1983,1.089837
Lower-middle-income countries,,1984,1.0932634
Lower-middle-income countries,,1985,1.1431551
Lower-middle-income countries,,1986,1.1325631
Lower-middle-income countries,,1987,1.1348106
Lower-middle-income countries,,1988,1.1518703
Lower-middle-income countries,,1989,1.1217535
Lower-middle-income countries,,1990,1.1432632
Lower-middle-income countries,,1991,1.1093969
Lower-middle-income countries,,1992,1.1006844
Lower-middle-income countries,,1993,1.0669601
Lower-middle-income countries,,1994,1.0613232
Lower-middle-income countries,,1995,1.0680435
Lower-middle-income countries,,1996,1.0858201
Lower-middle-income countries,,1997,1.085243
Lower-middle-income countries,,1998,1.1043309
Lower-middle-income countries,,1999,1.1337347
Lower-middle-income countries,,2000,1.1323982
Lower-middle-income countries,,2001,1.138159
Lower-middle-income countries,,2002,1.139891
Lower-middle-income countries,,2003,1.1676073
Lower-middle-income countries,,2004,1.2040417
Lower-middle-income countries,,2005,1.2413903
Lower-middle-income countries,,2006,1.2911185
Lower-middle-income countries,,2007,1.3283023
Lower-middle-income countries,,2008,1.3650744
Lower-middle-income countries,,2009,1.3824134
Lower-middle-income countries,,2010,1.4245355
Lower-middle-income countries,,2011,1.4744899
Lower-middle-income countries,,2012,1.525851
Lower-middle-income countries,,2013,1.5381613
Lower-middle-income countries,,2014,1.5946441
Lower-middle-income countries,,2015,1.6134739
Lower-middle-income countries,,2016,1.66767
Lower-middle-income countries,,2017,1.7120434
Lower-middle-income countries,,2018,1.7648531
Lower-middle-income countries,,2019,1.793369
Lower-middle-income countries,,2020,1.6759695
Lower-middle-income countries,,2021,1.7749473
Lower-middle-income countries,,2022,1.777996
Upper-middle-income countries,,1750,0.0
Upper-middle-income countries,,1760,0.0
Upper-middle-income countries,,1770,0.0
Upper-middle-income countries,,1780,0.0
Upper-middle-income countries,,1790,0.0
Upper-middle-income countries,,1800,0.0
Upper-middle-income countries,,1801,0.0
Upper-middle-income countries,,1802,0.0
Upper-middle-income countries,,1803,0.0
Upper-middle-income countries,,1804,0.0
Upper-middle-income countries,,1805,0.0
Upper-middle-income countries,,1806,0.0
Upper-middle-income countries,,1807,0.0
Upper-middle-income countries,,1808,0.0
Upper-middle-income countries,,1809,0.0
Upper-middle-income countries,,1810,0.0
Upper-middle-income countries,,1811,0.0
Upper-middle-income countries,,1812,0.0
Upper-middle-income countries,,1813,0.0
Upper-middle-income countries,,1814,0.0
Upper-middle-income countries,,1815,0.0
Upper-middle-income countries,,1816,0.0
Upper-middle-income countries,,1817,0.0
Upper-middle-income countries,,1818,0.0
Upper-middle-income countries,,1819,0.0
Upper-middle-income countries,,1820,0.0
Upper-middle-income countries,,1821,0.0
Upper-middle-income countries,,1822,0.0
Upper-middle-income countries,,1823,0.0
Upper-middle-income countries,,1824,0.0
Upper-middle-income countries,,1825,0.0
Upper-middle-income countries,,1826,0.0
Upper-middle-income countries,,1827,0.0
Upper-middle-income countries,,1828,0.0
Upper-middle-income countries,,1829,0.0
Upper-middle-income countries,,1830,2.5990492e-05
Upper-middle-income countries,,1831,3.1053234e-05
Upper-middle-income countries,,1832,2.0627696e-05
Upper-middle-income countries,,1833,2.5720607e-05
Upper-middle-income countries,,1834,0.0
Upper-middle-income countries,,1835,0.0
Upper-middle-income countries,,1836,0.0
Upper-middle-income countries,,1837,0.0
Upper-middle-income countries,,1838,0.0
Upper-middle-income countries,,1839,0.0
Upper-middle-income countries,,1840,0.0
Upper-middle-income countries,,1841,0.0
Upper-middle-income countries,,1842,0.0
Upper-middle-income countries,,1843,0.0
Upper-middle-income countries,,1844,0.0
Upper-middle-income countries,,1845,0.0
Upper-middle-income countries,,1846,0.0
Upper-middle-income countries,,1847,0.0
Upper-middle-income countries,,1848,0.0
Upper-middle-income countries,,1849,0.0
Upper-middle-income countries,,1850,0.00015371814
Upper-middle-income countries,,1851,0.0
Upper-middle-income countries,,1852,0.0
Upper-middle-income countries,,1853,0.0
Upper-middle-income countries,,1854,0.0
Upper-middle-income countries,,1855,0.00047523217
Upper-middle-income countries,,1856,0.0
Upper-middle-income countries,,1857,0.0
Upper-middle-income countries,,1858,0.0006762551
Upper-middle-income countries,,1859,0.00071994535
Upper-middle-income countries,,1860,0.0009716803
Upper-middle-income countries,,1861,0.0012375193
Upper-middle-income countries,,1862,0.0011186651
Upper-middle-income countries,,1863,0.001173146
Upper-middle-income countries,,1864,0.0013176879
Upper-middle-income countries,,1865,0.0015533265
Upper-middle-income countries,,1866,0.004397009
Upper-middle-income countries,,1867,0.0050281873
Upper-middle-income countries,,1868,0.004162977
Upper-middle-income countries,,1869,0.0057036355
Upper-middle-income countries,,1870,0.005922949
Upper-middle-income countries,,1871,0.007948016
Upper-middle-income countries,,1872,0.0082105575
Upper-middle-income countries,,1873,0.0076822485
Upper-middle-income countries,,1874,0.009215281
Upper-middle-income countries,,1875,0.010660467
Upper-middle-income countries,,1876,0.012860342
Upper-middle-income countries,,1877,0.013372573
Upper-middle-income countries,,1878,0.016903162
Upper-middle-income countries,,1879,0.016862618
Upper-middle-income countries,,1880,0.01966484
Upper-middle-income countries,,1881,0.020675153
Upper-middle-income countries,,1882,0.021584682
Upper-middle-income countries,,1883,0.024409223
Upper-middle-income countries,,1884,0.024718013
Upper-middle-income countries,,1885,0.026824256
Upper-middle-income countries,,1886,0.027225632
Upper-middle-income countries,,1887,0.030764256
Upper-middle-income countries,,1888,0.031563498
Upper-middle-income countries,,1889,0.03557929
Upper-middle-income countries,,1890,0.039204247
Upper-middle-income countries,,1891,0.042841524
Upper-middle-income countries,,1892,0.04640126
Upper-middle-income countries,,1893,0.055924114
Upper-middle-income countries,,1894,0.05860699
Upper-middle-income countries,,1895,0.06774961
Upper-middle-income countries,,1896,0.07036996
Upper-middle-income countries,,1897,0.07912367
Upper-middle-income countries,,1898,0.08986004
Upper-middle-income countries,,1899,0.100657545
Upper-middle-income countries,,1900,0.10552582
Upper-middle-income countries,,1901,0.115944505
Upper-middle-income countries,,1902,0.115007535
Upper-middle-income countries,,1903,0.11830502
Upper-middle-income countries,,1904,0.13169058
Upper-middle-income countries,,1905,0.12477956
Upper-middle-income countries,,1906,0.14316064
Upper-middle-income countries,,1907,0.18953821
Upper-middle-income countries,,1908,0.19922225
Upper-middle-income countries,,1909,0.20774181
Upper-middle-income countries,,1910,0.21387954
Upper-middle-income countries,,1911,0.22458892
Upper-middle-income countries,,1912,0.2265915
Upper-middle-income countries,,1913,0.25681454
Upper-middle-income countries,,1914,0.23273672
Upper-middle-income countries,,1915,0.22008587
Upper-middle-income countries,,1916,0.2381817
Upper-middle-income countries,,1917,0.24046105
Upper-middle-income countries,,1918,0.1852605
Upper-middle-income countries,,1919,0.2037228
Upper-middle-income countries,,1920,0.259993
Upper-middle-income countries,,1921,0.27670524
Upper-middle-income countries,,1922,0.27905294
Upper-middle-income countries,,1923,0.28494173
Upper-middle-income countries,,1924,0.29831374
Upper-middle-income countries,,1925,0.2837832
Upper-middle-income countries,,1926,0.28994417
Upper-middle-income countries,,1927,0.298
Upper-middle-income countries,,1928,0.30472022
Upper-middle-income countries,,1929,0.32017076
Upper-middle-income countries,,1930,0.3452056
Upper-middle-income countries,,1931,0.35898256
Upper-middle-income countries,,1932,0.3747267
Upper-middle-income countries,,1933,0.4060025
Upper-middle-income countries,,1934,0.4746017
Upper-middle-income countries,,1935,0.5322105
Upper-middle-income countries,,1936,0.5775992
Upper-middle-income countries,,1937,0.5960627
Upper-middle-income countries,,1938,0.59541804
Upper-middle-income countries,,1939,0.6212079
Upper-middle-income countries,,1940,0.7063675
Upper-middle-income countries,,1941,0.664147
Upper-middle-income countries,,1942,0.49113923
Upper-middle-income countries,,1943,0.49095133
Upper-middle-income countries,,1944,0.5713337
Upper-middle-income countries,,1945,0.53655916
Upper-middle-income countries,,1946,0.6214029
Upper-middle-income countries,,1947,0.6397182
Upper-middle-income countries,,1948,0.6633548
Upper-middle-income countries,,1949,0.7512161
Upper-middle-income countries,,1950,0.84877837
Upper-middle-income countries,,1951,0.9279926
Upper-middle-income countries,,1952,0.99486214
Upper-middle-income countries,,1953,1.0149463
Upper-middle-income countries,,1954,1.0894525
Upper-middle-income countries,,1955,1.2152884
Upper-middle-income countries,,1956,1.3029416
Upper-middle-income countries,,1957,1.4032962
Upper-middle-income countries,,1958,1.6587365
Upper-middle-income countries,,1959,1.8612862
Upper-middle-income countries,,1960,1.9494865
Upper-middle-income countries,,1961,1.7821966
Upper-middle-income countries,,1962,1.7233924
Upper-middle-income countries,,1963,1.7574037
Upper-middle-income countries,,1964,1.8129681
Upper-middle-income countries,,1965,1.8858207
Upper-middle-income countries,,1966,1.961453
Upper-middle-income countries,,1967,1.9381524
Upper-middle-income countries,,1968,1.9900099
Upper-middle-income countries,,1969,2.1028528
Upper-middle-income countries,,1970,2.2862675
Upper-middle-income countries,,1971,2.4060924
Upper-middle-income countries,,1972,2.475839
Upper-middle-income countries,,1973,2.54916
Upper-middle-income countries,,1974,2.583355
Upper-middle-income countries,,1975,2.7151275
Upper-middle-income countries,,1976,2.7919395
Upper-middle-income countries,,1977,2.8946009
Upper-middle-income countries,,1978,3.0300035
Upper-middle-income countries,,1979,3.0622518
Upper-middle-income countries,,1980,3.0709746
Upper-middle-income countries,,1981,3.0031965
Upper-middle-income countries,,1982,3.080851
Upper-middle-income countries,,1983,3.097225
Upper-middle-income countries,,1984,3.157202
Upper-middle-income countries,,1985,3.3210213
Upper-middle-income countries,,1986,3.362835
Upper-middle-income countries,,1987,3.4051933
Upper-middle-income countries,,1988,3.507404
Upper-middle-income countries,,1989,3.4693472
Upper-middle-income countries,,1990,3.478641
Upper-middle-income countries,,1991,3.4326804
Upper-middle-income countries,,1992,3.246701
Upper-middle-income countries,,1993,3.2678528
Upper-middle-income countries,,1994,3.2217474
Upper-middle-income countries,,1995,3.3222156
Upper-middle-income countries,,1996,3.3770304
Upper-middle-income countries,,1997,3.3575554
Upper-middle-income countries,,1998,3.261028
Upper-middle-income countries,,1999,3.3159823
Upper-middle-income countries,,2000,3.3549156
Upper-middle-income countries,,2001,3.3883872
Upper-middle-income countries,,2002,3.526766
Upper-middle-income countries,,2003,3.890847
Upper-middle-income countries,,2004,4.0803194
Upper-middle-income countries,,2005,4.345639
Upper-middle-income countries,,2006,4.6195
Upper-middle-income countries,,2007,4.813061
Upper-middle-income countries,,2008,5.0319605
Upper-middle-income countries,,2009,5.086667
Upper-middle-income countries,,2010,5.437998
Upper-middle-income countries,,2011,5.812152
Upper-middle-income countries,,2012,5.9100657
Upper-middle-income countries,,2013,5.920268
Upper-middle-income countries,,2014,5.9146776
Upper-middle-income countries,,2015,5.821386
Upper-middle-income countries,,2016,5.7429814
Upper-middle-income countries,,2017,5.8144507
Upper-middle-income countries,,2018,5.917198
Upper-middle-income countries,,2019,6.0323076
Upper-middle-income countries,,2020,5.9470816
Upper-middle-income countries,,2021,6.1854787
Upper-middle-income countries,,2022,6.2268133
