Entity,Year,Total_CO2_emissions,Continent,Population
Afghanistan,2022,12147948.035451248,Asia,41128771.0
Albania,2022,4954735.1041284,Europe,2842321.0
Algeria,2022,176345126.1748175,Africa,44903225.0
Andorra,2022,368557.2742464,Europe,79824.0
Angola,2022,16070264.73400894,Africa,35588987.0
Anguilla,2022,138791.944468,North America,15857.0
Antigua and Barbuda,2022,602134.2187435001,North America,93763.0
Argentina,2022,192864412.94890139,South America,45510318.0
Armenia,2022,6407752.9118427,Asia,2780469.0
Aruba,2022,865760.1887800001,South America,106445.0
Australia,2022,392279318.89915603,Oceania,26177413.0
Austria,2022,61488422.69358309,Europe,8939617.0
Azerbaijan,2022,38062641.5479642,Asia,10358074.0
Bahamas,2022,2119974.0890752,North America,409984.0
Bahrain,2022,37795568.967842005,Asia,1472233.0
Bangladesh,2022,102103341.240726,Asia,171186372.0
Barbados,2022,1232788.8596855002,North America,281635.0
Belarus,2022,58801113.543572396,Europe,9534954.0
Belgium,2022,89605411.793898,Europe,11655930.0
Belize,2022,725207.7392112,North America,405272.0
Benin,2022,8432160.028768001,Africa,13352864.0
Bermuda,2022,445248.43233680003,North America,64184.0
Bhutan,2022,1055525.3788690001,Asia,782455.0
Bolivia,2022,21493733.292126,South America,12224110.0
Bosnia and Herz.,2022,19735685.282619,Europe,3233526.0
Botswana,2022,7467281.459496,Africa,2630296.0
Brazil,2022,483477287.40398514,South America,215313498.0
British Virgin Islands,2022,156648.8957985,North America,31305.0
Brunei,2022,10753688.149402,Asia,449002.0
Bulgaria,2022,46147483.1494902,Europe,6781953.0
Burkina Faso,2022,5962167.06961614,Africa,22673762.0
Burundi,2022,798450.5856292,Africa,12889576.0
Cambodia,2022,19955031.487754997,Asia,16767842.0
Cameroon,2022,9572649.20345344,Africa,27914536.0
Canada,2022,547943857.740324,North America,38454327.0
Cape Verde,2022,568765.5343335,Africa,593149.0
Central African Rep.,2022,226225.83679684,Africa,5579144.0
Chad,2022,2369204.36455005,Africa,17723315.0
Chile,2022,84377709.28943819,South America,19603733.0
China,2022,11396776697.567457,Asia,1425887337.0
Colombia,2022,99717861.7021968,South America,51874024.0
Comoros,2022,412755.56955418,Africa,836774.0
Congo,2022,7431922.2998328,Africa,5970424.0
Cook Islands,2022,67959.1049034,Oceania,17011.0
Costa Rica,2022,7888683.0498549,North America,5180829.0
Croatia,2022,17526072.218369998,Europe,4030358.0
Cuba,2022,20921009.945613302,North America,11212191.0
Curacao,2022,1756598.145141,South America,191163.0
Cyprus,2022,7029335.271616,Asia,1251488.0
Czechia,2022,97969256.034465,Europe,10493986.0
Dem. Rep. Congo,2022,3601594.679630304,Africa,99010212.0
Denmark,2022,29059316.384021,Europe,5882261.0
Djibouti,2022,453035.19513268,Africa,1120849.0
Dominica,2022,153175.77906610002,North America,72737.0
Dominican Rep.,2022,23637944.9219477,North America,11228821.0
Timor-Leste,2022,668890.99613072,Asia,1341296.0
Ecuador,2022,41613403.127299994,South America,18001000.0
Egypt,2022,258951675.24991798,Africa,110990103.0
El Salvador,2022,7714378.5737456,North America,6336392.0
Eq. Guinea,2022,5076177.5087416,Africa,1674908.0
Eritrea,2022,696824.30067008,Africa,3684032.0
Estonia,2022,10311829.409359999,Europe,1326062.0
eSwatini,2022,1265035.501104,Africa,1201670.0
Ethiopia,2022,19073259.2681866,Africa,123379924.0
Faroe Islands,2022,747752.68816,Europe,53090.0
Fiji,2022,1073921.4764934,Oceania,929766.0
Finland,2022,36162999.805002,Europe,5540745.0
France,2022,297533951.009548,Europe,64626628.0
French Polynesia,2022,873179.8975863,Oceania,306279.0
Gabon,2022,5705542.395392,Africa,2388992.0
Gambia,2022,770471.1489775999,Africa,2705992.0
Georgia,2022,11092909.059825,Asia,3744385.0
Germany,2022,665604684.3579313,Europe,83369843.0
Ghana,2022,20806943.736435,Africa,33475870.0
Greece,2022,59662756.0864347,Europe,10384971.0
Greenland,2022,591424.7146020001,North America,56466.0
Grenada,2022,340359.0286948,North America,125438.0
Guatemala,2022,19193237.557098,North America,17843908.0
Guinea,2022,4953610.23380253,Africa,13859341.0
Guinea-Bissau,2022,326742.80571866,Africa,2105566.0
Guyana,2022,3537119.649481,South America,808726.0
Haiti,2022,2446679.44407476,North America,11584996.0
Honduras,2022,11159725.702488,North America,10432860.0
Hong Kong,2022,30568895.398745,Asia,7488865.0
Hungary,2022,44353633.509588,Europe,9967308.0
Iceland,2022,3542465.174402,Europe,372899.0
India,2022,2829644448.8466206,Asia,1417173173.0
Indonesia,2022,728883258.2406145,Asia,275501339.0
Iran,2022,690635267.654069,Asia,88550570.0
Iraq,2022,179080783.45383602,Asia,44496122.0
Ireland,2022,38784019.8274165,Europe,5023109.0
Israel,2022,56118065.209808,Asia,9038309.0
Italy,2022,338097282.04004997,Europe,59037474.0
Jamaica,2022,6487582.776267599,North America,2827377.0
Japan,2022,1053797744.7942519,Asia,123951692.0
Jordan,2022,22912565.600865502,Asia,11285869.0
Kazakhstan,2022,271178270.232592,Asia,19397998.0
Kenya,2022,24851923.29332342,Africa,54027487.0
Kiribati,2022,68040.4062144,Oceania,131232.0
Kuwait,2022,109189669.01904601,Asia,4268873.0
Kyrgyzstan,2022,9449706.631427601,Asia,6630623.0
Laos,2022,23193399.4925625,Asia,7529475.0
Latvia,2022,6591443.309539,Europe,1850651.0
Lebanon,2022,23904499.189565703,Asia,5489739.0
Lesotho,2022,3134692.5341100004,Africa,2305825.0
Liberia,2022,876932.4611793,Africa,5302681.0
Libya,2022,62961276.859158,Africa,6812341.0
Liechtenstein,2022,149827.3242429,Europe,39327.0
Lithuania,2022,12667201.588964999,Europe,2750055.0
Luxembourg,2022,7524084.944768,Europe,647599.0
Macao,2022,1051627.8355072,Asia,695168.0
Madagascar,2022,4403592.33852824,Africa,29611714.0
Malawi,2022,2094071.98695728,Africa,20405317.0
Malaysia,2022,291071423.91226804,Asia,33938221.0
Maldives,2022,1701036.2046788,Asia,523787.0
Mali,2022,7038754.611471199,Africa,22593590.0
Malta,2022,1655105.3096994,Europe,533286.0
Marshall Islands,2022,151118.7537266,Oceania,41569.0
Mauritania,2022,4534081.101843,Africa,4736139.0
Mauritius,2022,4248991.5211914,Africa,1299469.0
Mexico,2022,511971967.01306254,North America,127504125.0
Micronesia,2022,151187.4536984,Oceania,114164.0
Moldova,2022,5422026.1902232,Europe,3272996.0
Mongolia,2022,37894404.438552,Asia,3398366.0
Montenegro,2022,2292497.976617,Europe,627082.0
Montserrat,2022,21268.569274,North America,4390.0
Morocco,2022,68411796.1025165,Africa,37457971.0
Mozambique,2022,8003214.41733996,Africa,32969517.0
Myanmar,2022,34922203.5663632,Asia,54179306.0
Namibia,2022,3952951.5334456,Africa,2567012.0
Nauru,2022,52826.0869888,Oceania,12668.0
Nepal,2022,15499949.00853,Asia,30547580.0
Netherlands,2022,125358188.091045,Europe,17564014.0
New Caledonia,2022,5115056.37165,Oceania,289950.0
New Zealand,2022,32211807.590352,Oceania,5185288.0
Nicaragua,2022,5550351.41867976,North America,6948392.0
Niger,2022,3058156.420176,Africa,26207977.0
Nigeria,2022,128759477.51664521,Africa,218541212.0
Niue,2022,7490.2868472,Oceania,1934.0
North Korea,2022,50871636.792364,Asia,26069416.0
North Macedonia,2022,7588396.3367899,Europe,2093599.0
Norway,2022,40807961.5554545,Europe,5434319.0
Oman,2022,71986361.953778,Asia,4576298.0
Pakistan,2022,200199896.6832683,Asia,235824862.0
Palau,2022,218897.393655,Oceania,18055.0
Palestine,2022,3496893.4067376,Asia,5250072.0
Panama,2022,11899897.532898,North America,4408581.0
Papua New Guinea,2022,7823135.20728747,Oceania,10142619.0
Paraguay,2022,9018047.7705024,South America,6780744.0
Peru,2022,60921110.8495852,South America,34049588.0
Philippines,2022,150395982.5363832,Asia,115559009.0
Poland,2022,323117330.80047,Europe,39857145.0
Portugal,2022,41605065.879025005,Europe,10270865.0
Qatar,2022,101340018.090306,Asia,2695122.0
Romania,2022,73521274.56345901,Europe,19659267.0
Russia,2022,1652177289.8932862,Europe,144713314.0
Rwanda,2022,1547759.59996411,Africa,13776698.0
Saint Kitts and Nevis,2022,224373.016217,North America,47657.0
Saint Lucia,2022,470311.7743542,North America,179857.0
Saint Pierre and Miquelon,2022,60339.254256,North America,5862.0
Saint Vincent and the Grenadines,2022,238713.72343,North America,103948.0
Samoa,2022,249482.026475,Oceania,222382.0
Sao Tome and Principe,2022,132247.436796,Africa,227380.0
Saudi Arabia,2022,662549319.9059,Asia,36408820.0
Senegal,2022,11668432.8752048,Africa,17316449.0
Serbia,2022,43506644.37188,Europe,7221365.0
Seychelles,2022,658723.4585514,Africa,107118.0
Sierra Leone,2022,1129487.32075146,Africa,8605718.0
Singapore,2022,53252430.207457,Asia,5975689.0
Sint Maarten,2022,634017.00495,North America,44175.0
Slovakia,2022,34151666.219414994,Europe,5643453.0
Slovenia,2022,12714806.5053104,Europe,2119844.0
Solomon Is.,2022,298633.42392499,Oceania,724273.0
Somalia,2022,646921.10718288,Africa,17597511.0
South Africa,2022,404053988.7753055,Africa,59893885.0
South Korea,2022,600999351.65884,Asia,51815810.0
S. Sudan,2022,1833603.6236863998,Africa,10913164.0
Spain,2022,245613810.013775,Europe,47558630.0
Sri Lanka,2022,17327089.0248072,Asia,21832143.0
Sudan,2022,22013349.6151244,Africa,46874204.0
Suriname,2022,3586485.19294,South America,618040.0
Sweden,2022,38050537.8032271,Europe,10549347.0
Switzerland,2022,35380166.783748806,Europe,8740472.0
Syria,2022,27635265.6978375,Asia,22125249.0
Taiwan,2022,277900911.685992,Asia,23893394.0
Tajikistan,2022,10017381.5829087,Asia,9952787.0
Tanzania,2022,15569997.58892888,Africa,65497748.0
Thailand,2022,270746397.077304,Asia,71697030.0
Togo,2022,2575559.8474835,Africa,8848699.0
Tonga,2022,188992.0721956,Oceania,106858.0
Trinidad and Tobago,2022,34331760.143352,North America,1531044.0
Tunisia,2022,35576782.336345,Africa,12356117.0
Turkey,2022,435684572.9300255,Asia,85341241.0
Turkmenistan,2022,70958273.71859999,Asia,6430770.0
Turks and Caicos Islands,2022,349024.350479,North America,45703.0
Tuvalu,2022,11316.9897232,Oceania,11312.0
Uganda,2022,6021781.4773145495,Africa,47249585.0
Ukraine,2022,141252971.0572365,Europe,39701739.0
United Arab Emirates,2022,243894989.092476,Asia,9441129.0
United Kingdom,2022,318654363.28294796,Europe,67508936.0
United States of America,2022,5057303458.844913,North America,338289857.0
Uruguay,2022,7893093.372451399,South America,3422794.0
Uzbekistan,2022,120610203.4261808,Asia,34627652.0
Vanuatu,2022,207906.45906999998,Oceania,326740.0
Venezuela,2022,76891989.18914561,South America,28301696.0
Vietnam,2022,343606611.0232944,Asia,98186856.0
Wallis and Futuna,2022,26406.234747199996,Oceania,11572.0
Yemen,2022,11356347.934812719,Asia,33696614.0
Zambia,2022,8921891.359519001,Africa,20017675.0
Zimbabwe,2022,8855980.351236,Africa,16320537.0
